,word1,word2,similarity
0,sun,sunlight,50.000000
1,automobile,car,50.000000
2,river,water,49.000000
3,stair,staircase,49.000000
4,morning,sunrise,49.000000
5,rain,storm,49.000000
6,cat,kitten,49.000000
7,dance,dancer,49.000000
8,camera,photography,49.000000
9,cat,feline,48.000000
10,sunny,sunshine,48.000000
11,pregnancy,pregnant,48.000000
12,beach,sand,48.000000
13,bakery,bread,48.000000
14,flower,garden,48.000000
15,grass,lawn,48.000000
16,copper,metal,48.000000
17,photo,photography,47.000000
18,cemetery,graveyard,47.000000
19,gravestone,graveyard,47.000000
20,sun,sunshine,47.000000
21,black,dark,47.000000
22,cathedral,church,47.000000
23,frozen,ice,47.000000
24,station,subway,47.000000
25,child,kid,46.000000
26,aquarium,fish,46.000000
27,light,lighting,46.000000
28,fungus,mushroom,46.000000
29,frost,snow,46.000000
30,burn,flame,46.000000
31,ocean,sea,46.000000
32,candy,chocolate,46.000000
33,car,vehicle,46.000000
34,concert,music,46.000000
35,photo,picture,46.000000
36,grape,wine,46.000000
37,bath,bathroom,46.000000
38,bud,flower,46.000000
39,cat,kitty,46.000000
40,ocean,water,46.000000
41,aircraft,airplane,46.000000
42,butterfly,caterpillar,46.000000
43,hair,wig,46.000000
44,blossom,bud,46.000000
45,highway,road,46.000000
46,bunny,rabbit,46.000000
47,bread,sandwich,46.000000
48,mist,misty,46.000000
49,flower,petal,46.000000
50,airplane,flight,46.000000
51,fish,fishing,46.000000
52,ice,snow,46.000000
53,bright,sun,45.000000
54,shade,tree,45.000000
55,bicycle,bike,45.000000
56,truck,vehicle,45.000000
57,shore,water,45.000000
58,boat,fishing,45.000000
59,dog,puppy,45.000000
60,bride,wedding,45.000000
61,bird,hummingbird,45.000000
62,sea,water,45.000000
63,cow,milk,45.000000
64,bird,feather,45.000000
65,skate,skating,45.000000
66,chapel,church,45.000000
67,branch,twig,45.000000
68,concert,musician,45.000000
69,clothes,dress,45.000000
70,automobile,vehicle,45.000000
71,splash,swimming,45.000000
72,bed,furniture,45.000000
73,aircraft,flight,45.000000
74,reptile,snake,45.000000
75,motorcycle,scooter,45.000000
76,coffee,tea,45.000000
77,feather,goose,45.000000
78,pool,swimming,45.000000
79,eye,face,45.000000
80,dirt,dirty,45.000000
81,railway,train,45.000000
82,harbour,port,45.000000
83,fruit,strawberry,45.000000
84,flight,plane,45.000000
85,smoke,smoking,45.000000
86,ivy,plant,45.000000
87,river,stream,45.000000
88,lake,water,45.000000
89,kitten,kitty,45.000000
90,snow,snowman,45.000000
91,dog,terrier,45.000000
92,daffodil,flower,45.000000
93,pond,water,45.000000
94,show,television,44.000000
95,handwriting,write,44.000000
96,flood,water,44.000000
97,jazz,musician,44.000000
98,eagle,feather,44.000000
99,grape,vine,44.000000
100,bird,hawk,44.000000
101,clothes,outfit,44.000000
102,exhibition,museum,44.000000
103,hand,palm,44.000000
104,grave,graveyard,44.000000
105,berry,strawberry,44.000000
106,forest,oak,44.000000
107,crochet,knit,44.000000
108,bird,eagle,44.000000
109,canine,puppy,44.000000
110,bar,cocktail,44.000000
111,bar,pub,44.000000
112,sunlight,sunshine,44.000000
113,apple,fruit,44.000000
114,sun,sunrise,44.000000
115,gymnastics,sport,44.000000
116,sailing,ship,44.000000
117,beach,sea,44.000000
118,game,hockey,44.000000
119,bed,pillow,44.000000
120,daffodil,tulip,44.000000
121,flower,plant,44.000000
122,fire,smoke,44.000000
123,canine,dog,44.000000
124,bracelet,jewelry,44.000000
125,feline,kitty,44.000000
126,architecture,building,44.000000
127,shop,shopping,44.000000
128,highway,traffic,44.000000
129,lizard,reptile,44.000000
130,music,piano,44.000000
131,strawberry,sweet,44.000000
132,snow,winter,44.000000
133,autumn,spring,44.000000
134,bacon,meat,44.000000
135,raspberry,strawberry,44.000000
136,chipmunk,squirrel,44.000000
137,coast,harbor,44.000000
138,dress,skirt,44.000000
139,sun,sunny,44.000000
140,lily,tulip,44.000000
141,grave,gravestone,44.000000
142,bright,sunny,44.000000
143,dandelion,plant,44.000000
144,light,sunlight,44.000000
145,hill,mountain,43.000000
146,burger,food,43.000000
147,sea,shore,43.000000
148,feather,peacock,43.000000
149,child,mother,43.000000
150,night,sunset,43.000000
151,orange,peel,43.000000
152,subway,train,43.000000
153,camera,lens,43.000000
154,daisy,petal,43.000000
155,aircraft,wing,43.000000
156,bloom,flower,43.000000
157,clothes,jacket,43.000000
158,dinner,restaurant,43.000000
159,swim,swimming,43.000000
160,cemetery,gravestone,43.000000
161,cigarette,smoke,43.000000
162,shirt,skirt,43.000000
163,baby,pregnant,43.000000
164,cherry,fruit,43.000000
165,beef,meat,43.000000
166,blossom,daffodil,43.000000
167,bloom,blossom,43.000000
168,maple,oak,43.000000
169,frost,winter,43.000000
170,colour,pink,43.000000
171,dog,poodle,43.000000
172,lantern,light,43.000000
173,coast,sea,43.000000
174,tunnel,underground,43.000000
175,dog,pet,43.000000
176,hair,haircut,43.000000
177,day,sunset,43.000000
178,bikini,swimsuit,43.000000
179,rail,railway,43.000000
180,art,museum,43.000000
181,painting,portrait,43.000000
182,dress,wedding,43.000000
183,poodle,puppy,43.000000
184,port,ship,43.000000
185,bloom,tulip,43.000000
186,cold,winter,43.000000
187,bakery,cake,43.000000
188,building,roof,43.000000
189,iron,steel,43.000000
190,bird,stork,43.000000
191,lily,plant,43.000000
192,eat,food,43.000000
193,bathroom,kitchen,43.000000
194,jazz,music,43.000000
195,fabric,wool,43.000000
196,aquarium,tank,43.000000
197,fire,flame,43.000000
198,bloom,rose,43.000000
199,leaf,nature,43.000000
200,town,village,43.000000
201,apple,orange,43.000000
202,dawn,sunrise,43.000000
203,engine,gasoline,43.000000
204,oak,tree,43.000000
205,guitar,piano,43.000000
206,chocolate,dessert,43.000000
207,cat,paw,43.000000
208,bird,goose,43.000000
209,blue,sky,43.000000
210,pool,swim,43.000000
211,bracelet,necklace,42.000000
212,fruit,salad,42.000000
213,egg,nest,42.000000
214,boat,sailing,42.000000
215,bird,crow,42.000000
216,bird,flamingo,42.000000
217,day,sunshine,42.000000
218,hockey,sport,42.000000
219,burger,eat,42.000000
220,fruit,raspberry,42.000000
221,lunch,sandwich,42.000000
222,foot,toe,42.000000
223,baby,mother,42.000000
224,amphibian,frog,42.000000
225,burn,fire,42.000000
226,hockey,ice,42.000000
227,cold,frozen,42.000000
228,oak,wood,42.000000
229,photographer,photography,42.000000
230,man,woman,42.000000
231,hair,redhead,42.000000
232,harbor,port,42.000000
233,pug,puppy,42.000000
234,sunrise,sunset,42.000000
235,leather,shoe,42.000000
236,beach,shore,42.000000
237,color,red,42.000000
238,paint,painting,42.000000
239,storm,wind,42.000000
240,color,violet,42.000000
241,rain,wet,42.000000
242,diner,eat,42.000000
243,bed,bedroom,42.000000
244,guitar,musician,42.000000
245,petal,rose,42.000000
246,rail,subway,42.000000
247,holiday,vacation,42.000000
248,bed,sleep,42.000000
249,cigarette,smoking,42.000000
250,airplane,plane,42.000000
251,daffodil,plant,42.000000
252,diner,kitchen,42.000000
253,coin,silver,42.000000
254,cake,chocolate,42.000000
255,evening,night,42.000000
256,race,racing,42.000000
257,flight,fly,42.000000
258,face,lip,42.000000
259,berry,raspberry,42.000000
260,lamp,light,42.000000
261,bird,nest,42.000000
262,mother,pregnant,42.000000
263,animal,pet,42.000000
264,butterfly,insect,42.000000
265,sky,sunrise,42.000000
266,canine,husky,42.000000
267,food,meat,42.000000
268,cloud,sky,42.000000
269,crow,feather,42.000000
270,blossom,flower,42.000000
271,splash,swim,42.000000
272,band,musician,42.000000
273,cactus,plant,42.000000
274,eagle,hawk,42.000000
275,harbour,sea,42.000000
276,flower,foliage,42.000000
277,red,violet,42.000000
278,music,sing,42.000000
279,breakfast,morning,42.000000
280,cafe,restaurant,42.000000
281,beach,coast,42.000000
282,puddle,splash,42.000000
283,bird,pelican,42.000000
284,clothes,sock,42.000000
285,amphibian,lizard,41.000000
286,daughter,son,41.000000
287,car,motor,41.000000
288,amphibian,reptile,41.000000
289,day,morning,41.000000
290,aircraft,fly,41.000000
291,airplane,airport,41.000000
292,metro,train,41.000000
293,band,music,41.000000
294,shadow,sunlight,41.000000
295,night,sleep,41.000000
296,salad,soup,41.000000
297,porch,roof,41.000000
298,eye,tear,41.000000
299,colour,rainbow,41.000000
300,berry,fruit,41.000000
301,red,yellow,41.000000
302,sock,stocking,41.000000
303,flamingo,hummingbird,41.000000
304,tree,twig,41.000000
305,kiss,lip,41.000000
306,burger,sandwich,41.000000
307,pregnant,woman,41.000000
308,rain,weather,41.000000
309,dinner,eat,41.000000
310,feather,hawk,41.000000
311,animal,zoo,41.000000
312,duck,mallard,41.000000
313,mountain,valley,41.000000
314,beach,harbour,41.000000
315,musician,rock,41.000000
316,band,guitar,41.000000
317,car,garage,41.000000
318,foot,leg,41.000000
319,sky,sunlight,41.000000
320,mist,rain,41.000000
321,mother,son,41.000000
322,airplane,wing,41.000000
323,colour,red,41.000000
324,music,musician,41.000000
325,bay,beach,41.000000
326,blonde,redhead,41.000000
327,petal,plant,41.000000
328,kitchen,room,41.000000
329,lingerie,sexy,41.000000
330,automobile,parking,41.000000
331,bar,restaurant,41.000000
332,bedroom,room,41.000000
333,bus,taxi,41.000000
334,fun,happy,41.000000
335,station,train,41.000000
336,pelican,stork,41.000000
337,black,grey,41.000000
338,orange,yellow,41.000000
339,foliage,petal,41.000000
340,park,parking,41.000000
341,lip,tongue,41.000000
342,fog,misty,41.000000
343,canine,poodle,41.000000
344,bath,wash,41.000000
345,foliage,tree,41.000000
346,panorama,view,41.000000
347,bloom,daisy,41.000000
348,escalator,stair,41.000000
349,petal,tulip,41.000000
350,fishing,sea,41.000000
351,beef,cattle,41.000000
352,noodle,rice,41.000000
353,bird,parrot,41.000000
354,fruit,orange,41.000000
355,mural,painting,41.000000
356,airport,flight,41.000000
357,shopping,store,41.000000
358,summer,sunny,41.000000
359,road,sidewalk,41.000000
360,airplane,fly,41.000000
361,guitar,music,40.000000
362,cat,whisker,40.000000
363,family,friend,40.000000
364,bloom,petal,40.000000
365,musician,piano,40.000000
366,dirty,wash,40.000000
367,elephant,giraffe,40.000000
368,puppy,terrier,40.000000
369,breakfast,kitchen,40.000000
370,subway,underground,40.000000
371,sand,shore,40.000000
372,butterfly,dragonfly,40.000000
373,cheetah,lion,40.000000
374,color,yellow,40.000000
375,door,lock,40.000000
376,bright,sunlight,40.000000
377,van,vehicle,40.000000
378,orange,red,40.000000
379,beetle,insect,40.000000
380,kid,mom,40.000000
381,daughter,mother,40.000000
382,child,school,40.000000
383,giraffe,zebra,40.000000
384,harbor,harbour,40.000000
385,lamb,sheep,40.000000
386,heart,love,40.000000
387,lily,rose,40.000000
388,asphalt,road,40.000000
389,morning,sunny,40.000000
390,coast,shore,40.000000
391,sunny,sunset,40.000000
392,nest,twig,40.000000
393,happy,smile,40.000000
394,figure,skating,40.000000
395,rail,train,40.000000
396,door,wall,40.000000
397,dawn,sun,40.000000
398,feather,stork,40.000000
399,morning,sunshine,40.000000
400,building,construction,40.000000
401,cafe,coffee,40.000000
402,bloom,bud,40.000000
403,jacket,leather,40.000000
404,map,travel,40.000000
405,plant,seed,40.000000
406,city,metro,40.000000
407,pebble,sand,40.000000
408,cafe,lunch,40.000000
409,coast,harbour,40.000000
410,dog,pug,40.000000
411,sky,sun,40.000000
412,mallard,swan,40.000000
413,cloud,rain,40.000000
414,sky,sunshine,40.000000
415,frost,weather,40.000000
416,cherry,raspberry,40.000000
417,downtown,street,40.000000
418,bloom,dandelion,40.000000
419,dragonfly,insect,40.000000
420,bottle,wine,40.000000
421,feel,happy,40.000000
422,railway,station,40.000000
423,beach,swimming,40.000000
424,cafe,diner,40.000000
425,cafe,pub,40.000000
426,building,tall,40.000000
427,burger,meat,40.000000
428,gold,silver,40.000000
429,summer,weather,40.000000
430,military,soldier,40.000000
431,cemetery,grave,40.000000
432,pizza,restaurant,39.000000
433,bright,colour,39.000000
434,canine,paw,39.000000
435,swim,underwater,39.000000
436,sea,swim,39.000000
437,pub,restaurant,39.000000
438,day,time,39.000000
439,canine,terrier,39.000000
440,bottle,glass,39.000000
441,bed,relax,39.000000
442,seed,sunflower,39.000000
443,bird,owl,39.000000
444,art,sculpture,39.000000
445,light,shade,39.000000
446,apartment,staircase,39.000000
447,outfit,sock,39.000000
448,carrot,potato,39.000000
449,lizard,snake,39.000000
450,city,sidewalk,39.000000
451,guitar,rock,39.000000
452,brick,building,39.000000
453,eat,soup,39.000000
454,dew,misty,39.000000
455,blue,colour,39.000000
456,dawn,morning,39.000000
457,cooking,restaurant,39.000000
458,bay,sea,39.000000
459,cafe,shop,39.000000
460,floor,roof,39.000000
461,clothes,hat,39.000000
462,marble,stone,39.000000
463,duck,goose,39.000000
464,collection,museum,39.000000
465,happy,love,39.000000
466,bakery,shop,39.000000
467,mist,wet,39.000000
468,blossom,petal,39.000000
469,bright,light,39.000000
470,rice,sushi,39.000000
471,cooking,meat,39.000000
472,day,night,39.000000
473,kiss,love,39.000000
474,stream,waterfall,39.000000
475,interior,room,39.000000
476,surf,surfer,39.000000
477,poodle,terrier,39.000000
478,cold,frost,39.000000
479,city,town,39.000000
480,ocean,underwater,39.000000
481,harbor,sailing,39.000000
482,scenery,sunset,39.000000
483,green,violet,39.000000
484,harbor,ship,39.000000
485,summer,sunshine,39.000000
486,blue,grey,39.000000
487,art,graphic,39.000000
488,lake,shore,39.000000
489,rust,rusty,39.000000
490,architecture,design,39.000000
491,goose,swan,39.000000
492,architecture,construction,39.000000
493,hawk,nest,39.000000
494,carrot,salad,39.000000
495,fruit,tomato,39.000000
496,purple,violet,39.000000
497,misty,rain,39.000000
498,clothes,jean,39.000000
499,bloom,daffodil,39.000000
500,brick,construction,39.000000
501,diner,restaurant,39.000000
502,ceiling,roof,39.000000
503,paint,portrait,39.000000
504,ripple,wave,39.000000
505,beard,face,39.000000
506,apple,raspberry,39.000000
507,fashion,outfit,39.000000
508,downtown,skyscraper,39.000000
509,bud,daffodil,39.000000
510,harbor,shore,39.000000
511,blonde,hair,39.000000
512,kitten,paw,39.000000
513,bay,shore,39.000000
514,shop,store,39.000000
515,gravestone,memorial,38.000000
516,canine,pug,38.000000
517,crow,hawk,38.000000
518,dress,outfit,38.000000
519,city,urban,38.000000
520,bedroom,door,38.000000
521,bus,tram,38.000000
522,spring,summer,38.000000
523,scenery,waterfall,38.000000
524,road,traffic,38.000000
525,hill,valley,38.000000
526,ceiling,floor,38.000000
527,splash,water,38.000000
528,grass,weed,38.000000
529,sunny,weather,38.000000
530,parrot,wing,38.000000
531,daisy,violet,38.000000
532,copper,silver,38.000000
533,baseball,hockey,38.000000
534,pet,poodle,38.000000
535,blossom,foliage,38.000000
536,pink,purple,38.000000
537,grey,shade,38.000000
538,panorama,scenery,38.000000
539,downtown,metro,38.000000
540,beard,hair,38.000000
541,dandelion,petal,38.000000
542,blue,violet,38.000000
543,daisy,flower,38.000000
544,noodle,soup,38.000000
545,pet,puppy,38.000000
546,bud,petal,38.000000
547,ancient,ruin,38.000000
548,eye,iris,38.000000
549,puddle,water,38.000000
550,harbor,sea,38.000000
551,painting,sculpture,38.000000
552,sand,sea,38.000000
553,feline,kitten,38.000000
554,bird,swan,38.000000
555,baseball,game,38.000000
556,colour,purple,38.000000
557,pool,splash,38.000000
558,cattle,sheep,38.000000
559,landscape,scenery,38.000000
560,coin,gold,38.000000
561,boat,shore,38.000000
562,skyscraper,tall,38.000000
563,apple,cherry,38.000000
564,beef,chicken,38.000000
565,hot,sunny,38.000000
566,dessert,fruit,38.000000
567,photographer,portrait,38.000000
568,chicken,meat,38.000000
569,ceiling,interior,38.000000
570,bathroom,bedroom,38.000000
571,hummingbird,stork,38.000000
572,motor,vehicle,38.000000
573,colour,grey,38.000000
574,blue,orange,38.000000
575,dawn,dusk,38.000000
576,building,downtown,38.000000
577,face,tear,38.000000
578,boat,harbour,38.000000
579,cattle,farm,38.000000
580,drip,wet,38.000000
581,brown,green,38.000000
582,bedroom,ceiling,38.000000
583,bread,eat,38.000000
584,dinner,evening,38.000000
585,face,smile,38.000000
586,bride,dress,38.000000
587,stone,wall,38.000000
588,mural,paint,38.000000
589,foliage,plant,38.000000
590,day,dusk,38.000000
591,roof,wall,38.000000
592,cooking,food,38.000000
593,photography,portrait,38.000000
594,bud,foliage,38.000000
595,lily,pond,37.000000
596,harbour,shore,37.000000
597,palm,tree,37.000000
598,bus,subway,37.000000
599,holiday,travel,37.000000
600,skyline,view,37.000000
601,bedroom,cottage,37.000000
602,dinner,lunch,37.000000
603,grave,memorial,37.000000
604,dessert,sweet,37.000000
605,bird,insect,37.000000
606,concert,rock,37.000000
607,mushroom,tomato,37.000000
608,metro,railway,37.000000
609,giraffe,zoo,37.000000
610,railway,subway,37.000000
611,misty,weather,37.000000
612,parrot,pelican,37.000000
613,bedroom,sleep,37.000000
614,autumn,summer,37.000000
615,automobile,truck,37.000000
616,amphibian,mammal,37.000000
617,cemetery,memorial,37.000000
618,orange,purple,37.000000
619,blue,color,37.000000
620,daffodil,rose,37.000000
621,berry,seed,37.000000
622,hummingbird,mallard,37.000000
623,dandelion,grass,37.000000
624,brick,concrete,37.000000
625,costume,dress,37.000000
626,cloud,mist,37.000000
627,sea,tropical,37.000000
628,brown,grey,37.000000
629,bathroom,room,37.000000
630,daisy,plant,37.000000
631,paint,picture,37.000000
632,eye,lip,37.000000
633,autumn,winter,37.000000
634,drip,rain,37.000000
635,horizon,sky,37.000000
636,black,blue,37.000000
637,metro,station,37.000000
638,alley,street,37.000000
639,child,family,37.000000
640,mountain,scenery,37.000000
641,concrete,construction,37.000000
642,mill,windmill,37.000000
643,summer,winter,37.000000
644,plant,twig,37.000000
645,breakfast,lunch,37.000000
646,concrete,floor,37.000000
647,rain,sky,37.000000
648,food,frozen,37.000000
649,moss,plant,37.000000
650,flower,spring,37.000000
651,bird,mallard,37.000000
652,graphic,illustration,37.000000
653,eat,fruit,37.000000
654,ceiling,porch,37.000000
655,river,valley,37.000000
656,fog,mist,37.000000
657,dude,guy,37.000000
658,moon,sky,37.000000
659,bar,sushi,37.000000
660,beauty,scenery,37.000000
661,feather,mallard,37.000000
662,furniture,patio,37.000000
663,light,shadow,37.000000
664,bay,harbour,37.000000
665,wash,water,37.000000
666,flight,owl,37.000000
667,paw,whisker,37.000000
668,costume,wig,37.000000
669,animal,giraffe,37.000000
670,autumn,foliage,37.000000
671,animal,cattle,37.000000
672,building,skyscraper,37.000000
673,ice,skating,37.000000
674,meat,potato,37.000000
675,bud,twig,37.000000
676,knit,stitch,37.000000
677,hot,sunshine,37.000000
678,bed,room,37.000000
679,music,rock,37.000000
680,cooking,rice,37.000000
681,berry,cherry,37.000000
682,piano,play,37.000000
683,flower,lily,37.000000
684,cherry,strawberry,37.000000
685,clothes,skirt,37.000000
686,art,painting,37.000000
687,bird,gull,37.000000
688,spiral,staircase,37.000000
689,paw,pet,37.000000
690,feather,nest,37.000000
691,feather,owl,37.000000
692,blossom,cherry,37.000000
693,goat,sheep,37.000000
694,green,pink,37.000000
695,foliage,garden,37.000000
696,dog,husky,37.000000
697,feather,hummingbird,37.000000
698,sunshine,weather,37.000000
699,snow,weather,37.000000
700,surfer,wave,37.000000
701,breakfast,dinner,37.000000
702,shoe,toe,37.000000
703,band,play,37.000000
704,coffee,mug,37.000000
705,brick,wall,37.000000
706,fishing,sailing,37.000000
707,grey,white,37.000000
708,orange,strawberry,37.000000
709,color,purple,37.000000
710,blossom,daisy,37.000000
711,hawk,owl,37.000000
712,exhibition,photography,37.000000
713,morning,night,37.000000
714,band,concert,37.000000
715,dress,shirt,37.000000
716,river,waterfall,37.000000
717,ceramic,tile,36.000000
718,cloud,droplet,36.000000
719,exhibition,sculpture,36.000000
720,oak,twig,36.000000
721,movie,television,36.000000
722,butterfly,hummingbird,36.000000
723,daisy,grass,36.000000
724,floor,marble,36.000000
725,canyon,river,36.000000
726,decoration,interior,36.000000
727,flamingo,stork,36.000000
728,bear,mother,36.000000
729,moon,sun,36.000000
730,musician,sing,36.000000
731,green,red,36.000000
732,purple,white,36.000000
733,canine,pet,36.000000
734,morning,sleep,36.000000
735,weather,winter,36.000000
736,sky,sunny,36.000000
737,jacket,sock,36.000000
738,blue,red,36.000000
739,green,grey,36.000000
740,lily,petal,36.000000
741,blue,purple,36.000000
742,goose,mallard,36.000000
743,hotel,restaurant,36.000000
744,downtown,urban,36.000000
745,jean,skirt,36.000000
746,guy,people,36.000000
747,birthday,happy,36.000000
748,chicken,soup,36.000000
749,fly,wing,36.000000
750,door,room,36.000000
751,skyline,skyscraper,36.000000
752,cheetah,giraffe,36.000000
753,feline,pet,36.000000
754,car,parking,36.000000
755,gull,mallard,36.000000
756,spring,winter,36.000000
757,daffodil,spring,36.000000
758,building,skyline,36.000000
759,salad,tomato,36.000000
760,book,write,36.000000
761,bucket,water,36.000000
762,lady,sexy,36.000000
763,ceiling,room,36.000000
764,puddle,rain,36.000000
765,costume,outfit,36.000000
766,hill,scenery,36.000000
767,bacon,chicken,36.000000
768,dawn,night,36.000000
769,cocktail,restaurant,36.000000
770,daffodil,petal,36.000000
771,canyon,valley,36.000000
772,brick,house,36.000000
773,band,rock,36.000000
774,book,illustration,36.000000
775,desk,sit,36.000000
776,bright,sky,36.000000
777,autumn,sunny,36.000000
778,colour,yellow,36.000000
779,cold,weather,36.000000
780,blue,green,36.000000
781,glitter,sunlight,36.000000
782,drip,water,36.000000
783,day,misty,36.000000
784,food,noodle,36.000000
785,goat,milk,36.000000
786,pink,yellow,36.000000
787,floor,interior,36.000000
788,black,purple,36.000000
789,door,window,36.000000
790,city,skyline,36.000000
791,bear,live,35.000000
792,art,work,35.000000
793,pink,violet,35.000000
794,bath,room,35.000000
795,dew,rain,35.000000
796,boy,girl,35.000000
797,canyon,mountain,35.000000
798,white,yellow,35.000000
799,colour,shade,35.000000
800,banana,cherry,35.000000
801,mammal,rodent,35.000000
802,explosion,fire,35.000000
803,shore,swim,35.000000
804,cloud,misty,35.000000
805,sit,stand,35.000000
806,glitter,gold,35.000000
807,black,white,35.000000
808,light,neon,35.000000
809,machine,wash,35.000000
810,coffee,dinner,35.000000
811,feather,flamingo,35.000000
812,downtown,sidewalk,35.000000
813,cooking,eat,35.000000
814,feline,paw,35.000000
815,crow,gull,35.000000
816,festival,music,35.000000
817,dirt,road,35.000000
818,gull,pelican,35.000000
819,carrot,tomato,35.000000
820,blossom,tree,35.000000
821,restaurant,shop,35.000000
822,cherry,grape,35.000000
823,automobile,racing,35.000000
824,jazz,piano,35.000000
825,hawk,pelican,35.000000
826,baseball,play,35.000000
827,bloom,plant,35.000000
828,ceiling,wall,35.000000
829,beef,potato,35.000000
830,breakfast,restaurant,35.000000
831,black,colour,35.000000
832,bright,glitter,35.000000
833,hummingbird,nest,35.000000
834,feline,whisker,35.000000
835,beach,holiday,35.000000
836,sailing,shore,35.000000
837,design,graphic,35.000000
838,music,track,35.000000
839,air,cold,35.000000
840,dessert,eat,35.000000
841,chocolate,strawberry,35.000000
842,dinner,night,35.000000
843,dusk,sunrise,35.000000
844,boat,sink,35.000000
845,beef,cooking,35.000000
846,jacket,jean,35.000000
847,computer,lab,35.000000
848,downtown,skyline,35.000000
849,fun,game,35.000000
850,ivy,tree,35.000000
851,nest,wasp,35.000000
852,garden,pumpkin,35.000000
853,curl,haircut,35.000000
854,eat,meat,35.000000
855,outfit,skirt,35.000000
856,bacon,beef,35.000000
857,skyscraper,tower,35.000000
858,splash,wash,35.000000
859,daffodil,foliage,34.000000
860,garden,patio,34.000000
861,metro,subway,34.000000
862,beach,scenery,34.000000
863,photographer,wedding,34.000000
864,floor,room,34.000000
865,purple,yellow,34.000000
866,guitar,sing,34.000000
867,petal,yellow,34.000000
868,bead,necklace,34.000000
869,black,brown,34.000000
870,dessert,strawberry,34.000000
871,beef,lamb,34.000000
872,bread,potato,34.000000
873,fishing,harbour,34.000000
874,pug,terrier,34.000000
875,evening,time,34.000000
876,office,table,34.000000
877,cat,lick,34.000000
878,building,interior,34.000000
879,crochet,stitch,34.000000
880,spring,sunshine,34.000000
881,concert,jazz,34.000000
882,cooking,soup,34.000000
883,shade,sun,34.000000
884,tall,tower,34.000000
885,pepper,salad,34.000000
886,strawberry,tomato,34.000000
887,fruit,peel,34.000000
888,scenery,skyline,34.000000
889,green,yellow,34.000000
890,brown,orange,34.000000
891,colour,orange,34.000000
892,harbour,ship,34.000000
893,violet,yellow,34.000000
894,sport,swimming,34.000000
895,friend,happy,34.000000
896,blue,pink,34.000000
897,blossom,orange,34.000000
898,rail,station,34.000000
899,potato,salad,34.000000
900,interior,wall,34.000000
901,hawk,hummingbird,34.000000
902,cliff,coast,34.000000
903,feather,wing,34.000000
904,brown,yellow,34.000000
905,raspberry,sweet,34.000000
906,concert,sing,34.000000
907,art,craft,34.000000
908,bloom,foliage,34.000000
909,chicken,rice,34.000000
910,cherry,orange,34.000000
911,blossom,fruit,34.000000
912,animal,wild,34.000000
913,line,railway,34.000000
914,roof,tile,34.000000
915,concert,piano,34.000000
916,potato,rice,34.000000
917,cloud,sunshine,34.000000
918,marble,statue,34.000000
919,frozen,meat,34.000000
920,band,punk,34.000000
921,insect,reptile,34.000000
922,building,staircase,34.000000
923,bed,breakfast,34.000000
924,bloom,lily,34.000000
925,blonde,girl,34.000000
926,jean,outfit,34.000000
927,bread,cooking,34.000000
928,flower,violet,34.000000
929,peel,skin,34.000000
930,dessert,diner,34.000000
931,art,exhibition,34.000000
932,jacket,shirt,34.000000
933,brown,purple,34.000000
934,floor,patio,34.000000
935,downtown,highway,34.000000
936,purple,red,34.000000
937,dragonfly,frog,33.000000
938,mammal,monkey,33.000000
939,mist,morning,33.000000
940,feather,gull,33.000000
941,gull,stork,33.000000
942,dusk,morning,33.000000
943,guitar,play,33.000000
944,bloom,violet,33.000000
945,mallard,stork,33.000000
946,band,piano,33.000000
947,glitter,sky,33.000000
948,orange,pink,33.000000
949,potato,soup,33.000000
950,grey,violet,33.000000
951,construction,demolition,33.000000
952,scenery,valley,33.000000
953,morning,sky,33.000000
954,beach,cliff,33.000000
955,storm,tropical,33.000000
956,black,pink,33.000000
957,hat,jacket,33.000000
958,dragonfly,hummingbird,33.000000
959,pink,white,33.000000
960,blue,yellow,33.000000
961,cold,hot,33.000000
962,flower,pink,33.000000
963,bright,star,33.000000
964,restaurant,sushi,33.000000
965,guitar,keyboard,33.000000
966,diner,sushi,33.000000
967,furniture,room,33.000000
968,desert,scenery,33.000000
969,cafe,dinner,33.000000
970,bakery,cafe,33.000000
971,flamingo,pelican,33.000000
972,salad,sandwich,33.000000
973,bright,dark,33.000000
974,building,floor,33.000000
975,bacon,eat,33.000000
976,apartment,floor,33.000000
977,railway,underground,33.000000
978,lip,smile,33.000000
979,fungus,plant,33.000000
980,breakfast,diner,33.000000
981,feather,pelican,33.000000
982,bath,hot,33.000000
983,arch,roof,33.000000
984,game,match,33.000000
985,metro,rail,33.000000
986,decoration,wood,33.000000
987,building,demolition,33.000000
988,art,collage,33.000000
989,ship,sink,33.000000
990,grey,purple,33.000000
991,garden,lawn,33.000000
992,orange,violet,33.000000
993,ivy,oak,33.000000
994,dog,lick,33.000000
995,dawn,sunny,33.000000
996,fun,kid,33.000000
997,lunch,restaurant,33.000000
998,metro,underground,33.000000
999,eat,strawberry,33.000000
1000,foliage,rose,33.000000
1001,evening,sleep,33.000000
1002,construction,interior,33.000000
1003,weather,wet,33.000000
1004,fruit,nut,33.000000
1005,car,park,33.000000
1006,ink,pencil,32.000000
1007,frost,wet,32.000000
1008,mural,work,32.000000
1009,berry,blossom,32.000000
1010,decoration,lighting,32.000000
1011,man,muscle,32.000000
1012,drip,puddle,32.000000
1013,porch,stair,32.000000
1014,brown,red,32.000000
1015,iron,rusty,32.000000
1016,apartment,bedroom,32.000000
1017,foliage,lily,32.000000
1018,face,happy,32.000000
1019,airport,traffic,32.000000
1020,rain,wind,32.000000
1021,handwriting,sketch,32.000000
1022,city,live,32.000000
1023,rain,sunny,32.000000
1024,blonde,haircut,32.000000
1025,abandon,ruin,32.000000
1026,black,yellow,32.000000
1027,bacon,cooking,32.000000
1028,dragonfly,pond,32.000000
1029,ceiling,staircase,32.000000
1030,morning,time,32.000000
1031,potato,sweet,32.000000
1032,day,sunny,32.000000
1033,hotel,house,32.000000
1034,guy,haircut,32.000000
1035,mud,sand,32.000000
1036,staircase,wall,32.000000
1037,brown,white,32.000000
1038,dinner,sit,32.000000
1039,evening,morning,32.000000
1040,bench,sit,32.000000
1041,hummingbird,pelican,32.000000
1042,bike,chopper,32.000000
1043,foliage,tulip,32.000000
1044,bar,cafe,32.000000
1045,autumn,sunshine,32.000000
1046,potato,tomato,32.000000
1047,scenery,trail,32.000000
1048,jacket,skirt,32.000000
1049,construction,skyscraper,32.000000
1050,chicken,lamb,32.000000
1051,grey,orange,32.000000
1052,bikini,lake,32.000000
1053,carrot,soup,32.000000
1054,bar,diner,32.000000
1055,dessert,frozen,32.000000
1056,cooking,diner,32.000000
1057,violet,white,32.000000
1058,apple,dessert,32.000000
1059,cooking,noodle,32.000000
1060,bear,son,32.000000
1061,insect,lizard,32.000000
1062,foliage,twig,32.000000
1063,outdoor,pool,32.000000
1064,morning,sunset,32.000000
1065,escalator,subway,32.000000
1066,bacon,soup,32.000000
1067,berry,sweet,32.000000
1068,grey,pink,32.000000
1069,rain,sunshine,32.000000
1070,game,play,32.000000
1071,cocktail,dinner,32.000000
1072,building,concrete,32.000000
1073,street,town,32.000000
1074,friend,love,32.000000
1075,festival,musician,32.000000
1076,berry,twig,32.000000
1077,ball,drop,31.000000
1078,black,violet,31.000000
1079,hawk,wild,31.000000
1080,cooking,salad,31.000000
1081,floor,staircase,31.000000
1082,lawn,patio,31.000000
1083,guy,sport,31.000000
1084,blossom,purple,31.000000
1085,cold,rain,31.000000
1086,reptile,wild,31.000000
1087,glitter,sunshine,31.000000
1088,room,staircase,31.000000
1089,mammal,wild,31.000000
1090,interior,paint,31.000000
1091,forest,frog,31.000000
1092,ceiling,window,31.000000
1093,coast,sailing,31.000000
1094,relax,sit,31.000000
1095,fungus,moss,31.000000
1096,interior,staircase,31.000000
1097,bride,photographer,31.000000
1098,dirt,racing,31.000000
1099,frozen,raspberry,31.000000
1100,boy,school,31.000000
1101,brown,violet,31.000000
1102,play,stadium,31.000000
1103,chapel,graveyard,31.000000
1104,dew,frost,31.000000
1105,dark,grey,31.000000
1106,desert,mountain,31.000000
1107,berry,purple,31.000000
1108,collage,illustration,31.000000
1109,cold,wet,31.000000
1110,burger,cooking,31.000000
1111,day,evening,31.000000
1112,jean,shirt,31.000000
1113,blue,white,31.000000
1114,giraffe,lion,31.000000
1115,dandelion,foliage,31.000000
1116,bird,reptile,31.000000
1117,bathroom,floor,31.000000
1118,love,smile,31.000000
1119,small,village,31.000000
1120,hat,jean,31.000000
1121,bright,orange,31.000000
1122,bud,fruit,31.000000
1123,fall,tear,31.000000
1124,food,fruit,31.000000
1125,red,white,31.000000
1126,collage,exhibition,31.000000
1127,orange,raspberry,31.000000
1128,hat,outfit,31.000000
1129,hockey,play,31.000000
1130,berry,eat,31.000000
1131,bag,pillow,31.000000
1132,bread,salad,31.000000
1133,bathroom,ceiling,31.000000
1134,bacon,burger,31.000000
1135,ceramic,floor,31.000000
1136,fun,relax,31.000000
1137,dawn,misty,31.000000
1138,hot,weather,31.000000
1139,pepper,potato,31.000000
1140,pink,red,31.000000
1141,interior,roof,31.000000
1142,cute,kid,31.000000
1143,vine,wine,31.000000
1144,skyline,tower,31.000000
1145,pet,terrier,31.000000
1146,girl,sexy,31.000000
1147,downtown,subway,31.000000
1148,jump,leg,31.000000
1149,dessert,salad,31.000000
1150,shirt,sock,31.000000
1151,exhibition,painting,31.000000
1152,boardwalk,trail,31.000000
1153,apple,blossom,31.000000
1154,hawk,mallard,31.000000
1155,hand,stand,31.000000
1156,flower,yellow,31.000000
1157,floor,porch,31.000000
1158,drip,wash,31.000000
1159,foliage,ivy,31.000000
1160,cliff,waterfall,30.000000
1161,foliage,fruit,30.000000
1162,orange,white,30.000000
1163,station,underground,30.000000
1164,foliage,yellow,30.000000
1165,dude,friend,30.000000
1166,forest,tropical,30.000000
1167,rain,sun,30.000000
1168,belly,dance,30.000000
1169,man,sexy,30.000000
1170,colorful,outfit,30.000000
1171,reptile,rodent,30.000000
1172,burger,salad,30.000000
1173,fruit,sweet,30.000000
1174,flamingo,mallard,30.000000
1175,garage,kitchen,30.000000
1176,roof,stair,30.000000
1177,club,hockey,30.000000
1178,house,staircase,30.000000
1179,feel,kiss,30.000000
1180,bright,red,30.000000
1181,lake,valley,30.000000
1182,door,patio,30.000000
1183,apartment,kitchen,30.000000
1184,grey,yellow,30.000000
1185,chicken,salad,30.000000
1186,punk,rock,30.000000
1187,bloom,twig,30.000000
1188,blonde,wig,30.000000
1189,cold,water,30.000000
1190,blur,lens,30.000000
1191,door,porch,30.000000
1192,foliage,orchid,30.000000
1193,door,interior,30.000000
1194,female,makeup,30.000000
1195,cloud,sunlight,30.000000
1196,beach,pebble,30.000000
1197,bright,yellow,30.000000
1198,bed,floor,30.000000
1199,cherry,dessert,30.000000
1200,misty,sunrise,30.000000
1201,dark,shade,30.000000
1202,railroad,underground,30.000000
1203,cafe,donut,30.000000
1204,musician,punk,30.000000
1205,memorial,people,30.000000
1206,stop,time,30.000000
1207,glitter,star,30.000000
1208,fun,idea,30.000000
1209,band,uniform,30.000000
1210,insect,plant,30.000000
1211,bedroom,kitchen,30.000000
1212,harbour,scenery,30.000000
1213,collage,painting,30.000000
1214,mist,sky,30.000000
1215,dawn,sunshine,30.000000
1216,costume,shirt,30.000000
1217,mud,water,30.000000
1218,blossom,violet,30.000000
1219,fishing,shore,30.000000
1220,cloud,sunny,30.000000
1221,shade,sunlight,30.000000
1222,friend,smile,30.000000
1223,bacon,salad,30.000000
1224,pod,round,30.000000
1225,flower,fruit,30.000000
1226,abstract,museum,30.000000
1227,door,stair,30.000000
1228,foot,tall,30.000000
1229,cooking,fruit,30.000000
1230,burger,soup,30.000000
1231,match,play,30.000000
1232,cattle,goat,29.000000
1233,camera,theatre,29.000000
1234,flower,wild,29.000000
1235,lick,lip,29.000000
1236,lunch,tea,29.000000
1237,berry,dessert,29.000000
1238,downtown,shopping,29.000000
1239,kitchen,wash,29.000000
1240,petal,twig,29.000000
1241,happy,kid,29.000000
1242,amphibian,bird,29.000000
1243,cold,sunny,29.000000
1244,meat,soup,29.000000
1245,camel,desert,29.000000
1246,foliage,shade,29.000000
1247,restaurant,room,29.000000
1248,couple,family,29.000000
1249,bird,mammal,29.000000
1250,arch,porch,29.000000
1251,kitty,lick,29.000000
1252,blossom,ivy,29.000000
1253,grey,red,29.000000
1254,bright,pink,29.000000
1255,bay,cliff,29.000000
1256,door,staircase,29.000000
1257,chess,toy,29.000000
1258,gull,hummingbird,29.000000
1259,beauty,peacock,29.000000
1260,boardwalk,park,29.000000
1261,city,ruin,29.000000
1262,bay,swim,29.000000
1263,daisy,foliage,29.000000
1264,apartment,bathroom,29.000000
1265,flower,purple,29.000000
1266,hill,path,29.000000
1267,match,stadium,29.000000
1268,monument,ruin,29.000000
1269,dark,white,29.000000
1270,ancient,city,29.000000
1271,lick,puppy,29.000000
1272,metal,punk,29.000000
1273,hotel,relax,29.000000
1274,nut,sunflower,29.000000
1275,hot,wet,29.000000
1276,glass,vinyl,29.000000
1277,foliage,moss,29.000000
1278,coast,scenery,29.000000
1279,bacon,bread,29.000000
1280,brick,roof,29.000000
1281,wet,winter,29.000000
1282,dark,silhouette,29.000000
1283,bacon,dessert,29.000000
1284,floor,stair,29.000000
1285,day,lunch,29.000000
1286,line,lunch,29.000000
1287,room,sit,29.000000
1288,interior,outdoor,29.000000
1289,shirt,white,29.000000
1290,lick,paw,29.000000
1291,brown,pink,29.000000
1292,friend,fun,29.000000
1293,city,downtown,29.000000
1294,pool,relax,28.000000
1295,bird,dragonfly,28.000000
1296,bacon,tomato,28.000000
1297,dandelion,seed,28.000000
1298,purple,shade,28.000000
1299,bacon,pepper,28.000000
1300,dark,purple,28.000000
1301,door,floor,28.000000
1302,sidewalk,street,28.000000
1303,bacon,sandwich,28.000000
1304,petal,pink,28.000000
1305,colour,dark,28.000000
1306,brick,staircase,28.000000
1307,fog,sunny,28.000000
1308,valley,waterfall,28.000000
1309,rice,soup,28.000000
1310,patio,pool,28.000000
1311,patio,sit,28.000000
1312,river,scenery,28.000000
1313,beard,blonde,28.000000
1314,nest,stork,28.000000
1315,carrot,pepper,28.000000
1316,collage,paint,28.000000
1317,jump,swimming,28.000000
1318,chapel,gravestone,28.000000
1319,feel,smile,28.000000
1320,flag,stripe,28.000000
1321,harbour,town,28.000000
1322,guitar,punk,28.000000
1323,scenery,sunny,28.000000
1324,christmas,valentine,28.000000
1325,bloom,pink,28.000000
1326,bear,daughter,28.000000
1327,insect,rodent,28.000000
1328,bedroom,floor,28.000000
1329,stair,wall,28.000000
1330,chapel,ruin,28.000000
1331,beef,tomato,28.000000
1332,doodle,scratch,28.000000
1333,daffodil,purple,28.000000
1334,lake,scenery,28.000000
1335,roof,staircase,28.000000
1336,boy,live,28.000000
1337,chain,store,28.000000
1338,coast,hill,28.000000
1339,mushroom,pepper,28.000000
1340,porch,window,28.000000
1341,hot,water,28.000000
1342,sock,white,28.000000
1343,arch,bridge,28.000000
1344,dessert,raspberry,28.000000
1345,brick,ceiling,28.000000
1346,scenery,sunshine,28.000000
1347,city,square,28.000000
1348,stand,walk,28.000000
1349,evening,fun,28.000000
1350,happy,sexy,28.000000
1351,burger,mac,28.000000
1352,paint,sculpture,28.000000
1353,misty,morning,28.000000
1354,frost,rain,28.000000
1355,color,shade,28.000000
1356,bacon,potato,28.000000
1357,patio,stair,28.000000
1358,hot,wash,27.000000
1359,button,sticker,27.000000
1360,cute,happy,27.000000
1361,happy,tear,27.000000
1362,pepper,soup,27.000000
1363,alley,racing,27.000000
1364,smile,tear,27.000000
1365,train,underground,27.000000
1366,blonde,curl,27.000000
1367,flamingo,mammal,27.000000
1368,porch,staircase,27.000000
1369,ford,river,27.000000
1370,room,stair,27.000000
1371,face,glitter,27.000000
1372,nest,reptile,27.000000
1373,sailing,sink,27.000000
1374,floor,kitchen,27.000000
1375,cottage,garden,27.000000
1376,day,weather,27.000000
1377,amphibian,insect,27.000000
1378,eat,sweet,27.000000
1379,pregnant,round,27.000000
1380,brown,feather,27.000000
1381,bed,sit,27.000000
1382,bike,rally,27.000000
1383,apartment,patio,27.000000
1384,cooking,dessert,27.000000
1385,lily,purple,27.000000
1386,kitchen,patio,27.000000
1387,line,subway,27.000000
1388,breakfast,room,27.000000
1389,gull,reptile,27.000000
1390,dirty,rusty,27.000000
1391,bath,bedroom,27.000000
1392,cottage,patio,27.000000
1393,misty,sunshine,27.000000
1394,band,metal,27.000000
1395,skyline,tall,27.000000
1396,berry,foliage,27.000000
1397,mushroom,salad,27.000000
1398,abandon,soldier,27.000000
1399,bath,kitchen,27.000000
1400,sit,stop,27.000000
1401,outdoor,swimming,27.000000
1402,ruin,stone,27.000000
1403,building,sidewalk,27.000000
1404,fall,stop,27.000000
1405,cloud,ripple,27.000000
1406,cliff,scenery,27.000000
1407,salad,strawberry,27.000000
1408,graveyard,ruin,27.000000
1409,pepper,tomato,27.000000
1410,line,metro,27.000000
1411,bird,wild,27.000000
1412,hill,road,27.000000
1413,cliff,harbour,27.000000
1414,clothes,sexy,27.000000
1415,baseball,club,27.000000
1416,petal,purple,27.000000
1417,collar,skirt,27.000000
1418,cottage,sleep,27.000000
1419,match,round,27.000000
1420,kitchen,stair,27.000000
1421,church,graveyard,27.000000
1422,lighthouse,wall,27.000000
1423,kitchen,sit,27.000000
1424,dawn,spring,27.000000
1425,hot,spring,27.000000
1426,flower,weather,27.000000
1427,child,fun,27.000000
1428,evening,walk,27.000000
1429,cliff,sea,27.000000
1430,cold,mist,27.000000
1431,station,theatre,27.000000
1432,dusk,misty,27.000000
1433,friend,lady,27.000000
1434,mountain,sea,26.000000
1435,escalator,metro,26.000000
1436,live,old,26.000000
1437,friend,guy,26.000000
1438,theatre,tv,26.000000
1439,ceiling,kitchen,26.000000
1440,nature,snowman,26.000000
1441,coin,ticket,26.000000
1442,plane,sailing,26.000000
1443,sea,sink,26.000000
1444,bench,boardwalk,26.000000
1445,happy,kiss,26.000000
1446,bath,bed,26.000000
1447,restaurant,shopping,26.000000
1448,canine,run,26.000000
1449,lunch,sit,26.000000
1450,bus,rail,26.000000
1451,frog,tropical,26.000000
1452,bathroom,bed,26.000000
1453,goose,wolf,26.000000
1454,happy,mom,26.000000
1455,black,paint,26.000000
1456,glitter,scenery,26.000000
1457,beef,salad,26.000000
1458,construction,downtown,26.000000
1459,parking,underground,26.000000
1460,park,skate,26.000000
1461,apartment,pool,26.000000
1462,flood,line,26.000000
1463,marble,wall,26.000000
1464,hummingbird,tropical,26.000000
1465,palace,ruin,26.000000
1466,panda,pig,26.000000
1467,frost,shade,26.000000
1468,cherry,sweet,26.000000
1469,carrot,fruit,26.000000
1470,brick,skyscraper,26.000000
1471,collage,sculpture,26.000000
1472,fruit,potato,26.000000
1473,grey,stripe,26.000000
1474,patio,room,26.000000
1475,fun,sexy,26.000000
1476,blue,fabric,26.000000
1477,guy,sexy,26.000000
1478,guitar,track,26.000000
1479,misty,scenery,26.000000
1480,kitchen,porch,26.000000
1481,sweet,wine,26.000000
1482,cute,guy,26.000000
1483,bedroom,relax,26.000000
1484,hummingbird,insect,26.000000
1485,hill,horizon,26.000000
1486,beef,pepper,26.000000
1487,hand,leave,26.000000
1488,beef,deer,26.000000
1489,frog,whale,26.000000
1490,bright,shade,26.000000
1491,cooking,frozen,26.000000
1492,festival,gate,26.000000
1493,interior,object,25.000000
1494,bathroom,sit,25.000000
1495,smoke,sun,25.000000
1496,crochet,jewelry,25.000000
1497,architecture,skyline,25.000000
1498,cold,puddle,25.000000
1499,blur,eye,25.000000
1500,guy,sleep,25.000000
1501,baseball,shirt,25.000000
1502,amphibian,pelican,25.000000
1503,shade,violet,25.000000
1504,green,shade,25.000000
1505,evening,sunny,25.000000
1506,blue,stripe,25.000000
1507,patio,staircase,25.000000
1508,puddle,street,25.000000
1509,eye,smile,25.000000
1510,canine,lick,25.000000
1511,outfit,punk,25.000000
1512,dragonfly,reptile,25.000000
1513,mist,sunshine,25.000000
1514,castle,ruin,25.000000
1515,angel,sculpture,25.000000
1516,bud,ivy,25.000000
1517,chicken,mammal,25.000000
1518,family,live,25.000000
1519,carrot,sunflower,25.000000
1520,interior,stair,25.000000
1521,craft,game,25.000000
1522,valley,village,25.000000
1523,brown,gull,25.000000
1524,decoration,tulip,25.000000
1525,bud,pink,25.000000
1526,dessert,orange,25.000000
1527,mammal,reptile,25.000000
1528,cute,sexy,25.000000
1529,relax,scenery,25.000000
1530,blue,bright,25.000000
1531,cold,misty,25.000000
1532,floor,skyscraper,25.000000
1533,coast,valley,25.000000
1534,ceiling,stair,25.000000
1535,couple,live,25.000000
1536,red,stripe,25.000000
1537,sing,write,25.000000
1538,hang,stand,25.000000
1539,meat,pepper,25.000000
1540,insect,mammal,25.000000
1541,track,vinyl,25.000000
1542,show,sketch,25.000000
1543,clothes,cute,25.000000
1544,harbour,sink,25.000000
1545,dude,sexy,25.000000
1546,blue,shade,25.000000
1547,garden,house,25.000000
1548,crane,wild,25.000000
1549,feel,tear,24.000000
1550,bar,relax,24.000000
1551,breakfast,sleep,24.000000
1552,shore,valley,24.000000
1553,amphibian,wild,24.000000
1554,door,kitchen,24.000000
1555,sexy,smile,24.000000
1556,stripe,white,24.000000
1557,family,male,24.000000
1558,hummingbird,mammal,24.000000
1559,amphibian,dragonfly,24.000000
1560,rice,yellow,24.000000
1561,happy,time,24.000000
1562,line,street,24.000000
1563,black,skirt,24.000000
1564,porch,wall,24.000000
1565,drop,hang,24.000000
1566,mist,sunny,24.000000
1567,pepper,strawberry,24.000000
1568,ruin,skyline,24.000000
1569,nude,painting,24.000000
1570,diner,patio,24.000000
1571,bridge,ford,24.000000
1572,blonde,cute,24.000000
1573,morning,weather,24.000000
1574,dress,match,24.000000
1575,fungus,rust,24.000000
1576,stripe,yellow,24.000000
1577,chapel,tower,24.000000
1578,feather,wild,24.000000
1579,cake,christmas,24.000000
1580,bright,raspberry,24.000000
1581,harbor,sink,24.000000
1582,barn,owl,24.000000
1583,daisy,purple,24.000000
1584,frost,grass,24.000000
1585,blue,shirt,24.000000
1586,post,view,24.000000
1587,hawk,mammal,24.000000
1588,garden,kitchen,24.000000
1589,bright,purple,24.000000
1590,cute,haircut,24.000000
1591,hawk,reptile,24.000000
1592,fun,lego,24.000000
1593,snow,sunshine,24.000000
1594,bloom,purple,24.000000
1595,family,female,24.000000
1596,orange,salad,24.000000
1597,architecture,shade,24.000000
1598,bedroom,stair,24.000000
1599,hill,town,24.000000
1600,bread,dessert,24.000000
1601,cathedral,step,24.000000
1602,bedroom,staircase,24.000000
1603,shore,town,24.000000
1604,bench,game,24.000000
1605,mist,sunlight,24.000000
1606,fountain,marble,24.000000
1607,makeup,reflection,24.000000
1608,cocktail,relax,24.000000
1609,sketch,texture,24.000000
1610,deer,elephant,24.000000
1611,bed,ceiling,24.000000
1612,evening,relax,24.000000
1613,berry,ivy,24.000000
1614,ruin,village,24.000000
1615,cafe,street,24.000000
1616,palm,twig,24.000000
1617,frost,spring,24.000000
1618,daisy,pink,24.000000
1619,dirty,hand,24.000000
1620,arch,wall,24.000000
1621,porch,room,24.000000
1622,cottage,scenery,24.000000
1623,fruit,meat,24.000000
1624,cute,smile,24.000000
1625,bath,floor,24.000000
1626,old,town,24.000000
1627,skirt,white,24.000000
1628,glitter,misty,23.000000
1629,fire,sand,23.000000
1630,sit,staircase,23.000000
1631,blue,dark,23.000000
1632,nail,rusty,23.000000
1633,ceiling,marble,23.000000
1634,basket,dinner,23.000000
1635,card,party,23.000000
1636,bright,foliage,23.000000
1637,cold,drip,23.000000
1638,lamb,snow,23.000000
1639,cafe,relax,23.000000
1640,cathedral,ruin,23.000000
1641,hill,river,23.000000
1642,friend,night,23.000000
1643,orange,shade,23.000000
1644,live,male,23.000000
1645,coffee,lunch,23.000000
1646,key,palace,23.000000
1647,shop,show,23.000000
1648,burger,dessert,23.000000
1649,morning,relax,23.000000
1650,craft,note,23.000000
1651,dessert,sandwich,23.000000
1652,dirty,feel,23.000000
1653,beer,patio,23.000000
1654,eat,frozen,23.000000
1655,brick,porch,23.000000
1656,ceiling,door,23.000000
1657,deer,insect,23.000000
1658,happy,home,23.000000
1659,rock,track,23.000000
1660,footprint,tile,23.000000
1661,exhibition,work,23.000000
1662,city,lamp,23.000000
1663,cute,lady,23.000000
1664,shade,white,23.000000
1665,beauty,orchid,23.000000
1666,hummingbird,rodent,23.000000
1667,haircut,sexy,23.000000
1668,arch,concrete,23.000000
1669,airport,asphalt,23.000000
1670,air,dew,23.000000
1671,pregnancy,sit,23.000000
1672,frost,plant,23.000000
1673,forest,hummingbird,23.000000
1674,kiss,smile,23.000000
1675,eat,rabbit,23.000000
1676,autumn,shade,23.000000
1677,guy,kid,23.000000
1678,fall,love,23.000000
1679,oak,rose,23.000000
1680,city,firework,23.000000
1681,lamb,mother,23.000000
1682,cone,diamond,23.000000
1683,concrete,school,23.000000
1684,scenery,sketch,23.000000
1685,face,guy,23.000000
1686,scenery,shore,23.000000
1687,daisy,gravestone,23.000000
1688,field,skyscraper,23.000000
1689,leather,rope,23.000000
1690,sink,sunset,23.000000
1691,amphibian,brown,23.000000
1692,evening,misty,23.000000
1693,miniature,painting,23.000000
1694,dessert,wine,23.000000
1695,foliage,tall,23.000000
1696,evening,lunch,23.000000
1697,dark,orange,23.000000
1698,dessert,lunch,23.000000
1699,misty,mountain,23.000000
1700,boy,hand,23.000000
1701,dessert,soup,23.000000
1702,blue,skirt,22.000000
1703,dark,pink,22.000000
1704,interior,patio,22.000000
1705,sunny,wet,22.000000
1706,camera,painting,22.000000
1707,automobile,police,22.000000
1708,boardwalk,evening,22.000000
1709,guy,smile,22.000000
1710,sit,time,22.000000
1711,pink,skirt,22.000000
1712,ivy,wall,22.000000
1713,rock,sing,22.000000
1714,action,truck,22.000000
1715,hill,shore,22.000000
1716,happy,morning,22.000000
1717,demolition,skyscraper,22.000000
1718,happy,idea,22.000000
1719,hummingbird,reptile,22.000000
1720,breakfast,sit,22.000000
1721,light,sleep,22.000000
1722,cute,feel,22.000000
1723,bead,gold,22.000000
1724,clothes,haircut,22.000000
1725,evening,sunshine,22.000000
1726,foliage,violet,22.000000
1727,cathedral,interior,22.000000
1728,post,quote,22.000000
1729,mammal,pelican,22.000000
1730,escalator,underground,22.000000
1731,band,outfit,22.000000
1732,church,interior,22.000000
1733,market,sushi,22.000000
1734,grey,rusty,22.000000
1735,arch,brick,22.000000
1736,feel,sleep,22.000000
1737,insect,twig,22.000000
1738,colorful,toy,22.000000
1739,cherry,vine,22.000000
1740,dessert,noodle,22.000000
1741,black,pencil,22.000000
1742,band,track,22.000000
1743,happy,sleep,22.000000
1744,skate,vehicle,22.000000
1745,dessert,rice,22.000000
1746,movie,shopping,22.000000
1747,shade,twig,22.000000
1748,frost,sunny,22.000000
1749,misty,sky,22.000000
1750,misty,sunset,22.000000
1751,black,stripe,22.000000
1752,church,porch,22.000000
1753,morning,smile,22.000000
1754,autumn,frost,22.000000
1755,bath,patio,22.000000
1756,person,stair,22.000000
1757,pumpkin,valley,22.000000
1758,dark,pod,22.000000
1759,child,live,22.000000
1760,orchid,patio,22.000000
1761,shade,yellow,21.000000
1762,dirty,drip,21.000000
1763,key,stone,21.000000
1764,people,stair,21.000000
1765,bathroom,staircase,21.000000
1766,dome,interior,21.000000
1767,breakfast,hotel,21.000000
1768,bike,patio,21.000000
1769,female,old,21.000000
1770,glitter,smile,21.000000
1771,downtown,shore,21.000000
1772,fruit,sunflower,21.000000
1773,feline,reptile,21.000000
1774,run,train,21.000000
1775,shopping,street,21.000000
1776,cat,garden,21.000000
1777,cute,mom,21.000000
1778,steel,wing,21.000000
1779,guy,walk,21.000000
1780,horse,work,21.000000
1781,chipmunk,wolf,21.000000
1782,red,shade,21.000000
1783,school,traffic,21.000000
1784,dance,hotel,21.000000
1785,sunny,winter,21.000000
1786,ceramic,colour,21.000000
1787,house,poster,21.000000
1788,colorful,frame,21.000000
1789,sweet,vine,21.000000
1790,barn,food,21.000000
1791,field,squirrel,21.000000
1792,brown,hawk,21.000000
1793,city,small,21.000000
1794,dark,violet,21.000000
1795,brick,interior,21.000000
1796,couple,female,21.000000
1797,cliff,sand,21.000000
1798,key,motor,21.000000
1799,square,town,21.000000
1800,misty,sunny,21.000000
1801,jean,wash,21.000000
1802,foot,piano,21.000000
1803,model,toe,21.000000
1804,crystal,spiral,21.000000
1805,cliff,shore,21.000000
1806,lake,whale,21.000000
1807,shore,waterfall,21.000000
1808,foliage,pink,21.000000
1809,hawk,insect,21.000000
1810,curl,whisker,21.000000
1811,dessert,pepper,21.000000
1812,dinner,room,21.000000
1813,art,drive,21.000000
1814,drop,time,21.000000
1815,hang,sit,21.000000
1816,skin,sunglasses,21.000000
1817,lunch,morning,21.000000
1818,drug,musician,21.000000
1819,redhead,rusty,21.000000
1820,live,race,21.000000
1821,fall,stand,21.000000
1822,cliff,fence,21.000000
1823,misty,snow,21.000000
1824,gasoline,town,21.000000
1825,decoration,twig,21.000000
1826,flower,shade,21.000000
1827,skin,skirt,21.000000
1828,feel,idea,21.000000
1829,ruin,town,21.000000
1830,bedroom,breakfast,21.000000
1831,lunch,relax,21.000000
1832,fountain,hill,20.000000
1833,couple,male,20.000000
1834,bathroom,patio,20.000000
1835,dusk,hummingbird,20.000000
1836,guitar,vinyl,20.000000
1837,bright,fruit,20.000000
1838,dead,hang,20.000000
1839,heart,wing,20.000000
1840,salad,sunflower,20.000000
1841,bedroom,patio,20.000000
1842,badge,metro,20.000000
1843,fun,time,20.000000
1844,dark,red,20.000000
1845,concrete,interior,20.000000
1846,cone,windmill,20.000000
1847,racing,shirt,20.000000
1848,mom,smile,20.000000
1849,object,scooter,20.000000
1850,cone,hill,20.000000
1851,breakfast,relax,20.000000
1852,friend,relax,20.000000
1853,fun,guy,20.000000
1854,black,bright,20.000000
1855,dancer,palace,20.000000
1856,frozen,salad,20.000000
1857,brown,hummingbird,20.000000
1858,escalator,railway,20.000000
1859,camel,outdoor,20.000000
1860,autumn,bud,20.000000
1861,male,old,20.000000
1862,hold,nest,20.000000
1863,cute,mammal,20.000000
1864,baseball,show,20.000000
1865,patio,spring,20.000000
1866,mammal,nest,20.000000
1867,cow,pregnancy,20.000000
1868,fun,night,20.000000
1869,game,rocket,20.000000
1870,downtown,ruin,20.000000
1871,makeup,people,20.000000
1872,interior,porch,20.000000
1873,bed,patio,20.000000
1874,relax,sunshine,20.000000
1875,dark,yellow,20.000000
1876,floor,sit,20.000000
1877,grave,number,20.000000
1878,mill,sunflower,20.000000
1879,farm,wind,20.000000
1880,cold,wash,20.000000
1881,drip,hot,20.000000
1882,idea,people,20.000000
1883,couple,old,20.000000
1884,food,gull,20.000000
1885,gate,hotel,20.000000
1886,glitter,night,20.000000
1887,cold,sun,20.000000
1888,chicken,pepper,20.000000
1889,salad,sweet,20.000000
1890,porch,stone,20.000000
1891,coffee,room,20.000000
1892,berry,bright,20.000000
1893,amphibian,hummingbird,20.000000
1894,flamingo,insect,20.000000
1895,club,shirt,20.000000
1896,porch,tower,20.000000
1897,skateboard,swimsuit,20.000000
1898,desert,road,20.000000
1899,kiss,tear,20.000000
1900,feather,grey,20.000000
1901,club,match,19.000000
1902,sit,sleep,19.000000
1903,chapel,porch,19.000000
1904,figure,spiral,19.000000
1905,bud,purple,19.000000
1906,bird,shade,19.000000
1907,blonde,dark,19.000000
1908,burger,frozen,19.000000
1909,chain,engine,19.000000
1910,bathroom,porch,19.000000
1911,country,work,19.000000
1912,leave,stop,19.000000
1913,desk,white,19.000000
1914,object,piano,19.000000
1915,can,mill,19.000000
1916,female,race,19.000000
1917,frost,sunshine,19.000000
1918,soup,sweet,19.000000
1919,black,seat,19.000000
1920,lion,pelican,19.000000
1921,graffito,interior,19.000000
1922,apartment,sleep,19.000000
1923,cold,summer,19.000000
1924,market,orange,19.000000
1925,guy,kiss,19.000000
1926,dirty,guy,19.000000
1927,arm,caterpillar,19.000000
1928,foliage,frost,19.000000
1929,gravestone,pattern,19.000000
1930,shop,summer,19.000000
1931,petal,shade,19.000000
1932,gull,mammal,19.000000
1933,cone,palm,19.000000
1934,makeup,town,19.000000
1935,gull,insect,19.000000
1936,dessert,meat,19.000000
1937,morning,sit,19.000000
1938,doll,new,19.000000
1939,butterfly,glitter,19.000000
1940,interior,skyscraper,19.000000
1941,market,white,19.000000
1942,cute,fun,19.000000
1943,night,sunny,19.000000
1944,bed,staircase,19.000000
1945,miniature,paint,19.000000
1946,bloom,glitter,19.000000
1947,evening,friend,19.000000
1948,city,mill,19.000000
1949,coast,downtown,18.000000
1950,dew,sunshine,18.000000
1951,dragonfly,underwater,18.000000
1952,star,storm,18.000000
1953,patio,wash,18.000000
1954,cold,ear,18.000000
1955,house,windmill,18.000000
1956,fly,toy,18.000000
1957,breakfast,evening,18.000000
1958,hang,rusty,18.000000
1959,dinner,relax,18.000000
1960,aircraft,door,18.000000
1961,porch,ruin,18.000000
1962,cop,dirty,18.000000
1963,cross,tower,18.000000
1964,city,old,18.000000
1965,cold,sunshine,18.000000
1966,dragon,metal,18.000000
1967,light,shed,18.000000
1968,hotel,library,18.000000
1969,feel,friend,18.000000
1970,parking,scenery,18.000000
1971,ruin,tower,18.000000
1972,abandon,railroad,18.000000
1973,bright,violet,18.000000
1974,couple,makeup,18.000000
1975,dude,smile,18.000000
1976,dirty,rabbit,18.000000
1977,smile,walk,18.000000
1978,autumn,daffodil,18.000000
1979,hotel,sand,18.000000
1980,crystal,dirt,18.000000
1981,reptile,stork,18.000000
1982,coast,sink,18.000000
1983,dark,rusty,18.000000
1984,band,vinyl,18.000000
1985,parrot,reptile,18.000000
1986,steel,town,18.000000
1987,architecture,table,18.000000
1988,bedroom,porch,18.000000
1989,aquarium,seagull,18.000000
1990,butterfly,transformer,18.000000
1991,feel,sit,18.000000
1992,landscape,stadium,18.000000
1993,lunch,walk,18.000000
1994,church,cookie,18.000000
1995,stripe,violet,18.000000
1996,origami,white,18.000000
1997,bag,flag,18.000000
1998,escalator,station,18.000000
1999,dawn,snow,18.000000
2000,green,lantern,18.000000
2001,painting,work,18.000000
2002,pigeon,round,18.000000
2003,haircut,smile,18.000000
2004,coast,sketch,18.000000
2005,colorful,duck,18.000000
2006,man,stand,18.000000
2007,demolition,interior,18.000000
2008,pelican,toe,18.000000
2009,garage,garden,18.000000
2010,brown,insect,18.000000
2011,family,old,18.000000
2012,brown,pelican,18.000000
2013,fountain,parade,18.000000
2014,fungus,insect,18.000000
2015,female,live,18.000000
2016,frost,hot,18.000000
2017,handle,shop,17.000000
2018,happy,stand,17.000000
2019,collection,work,17.000000
2020,pepper,sunflower,17.000000
2021,graphic,roof,17.000000
2022,play,spiral,17.000000
2023,cute,fashion,17.000000
2024,ball,square,17.000000
2025,red,tea,17.000000
2026,port,sweet,17.000000
2027,lunch,sunny,17.000000
2028,night,stop,17.000000
2029,muscle,nature,17.000000
2030,guy,sit,17.000000
2031,game,scooter,17.000000
2032,interior,toy,17.000000
2033,gate,pebble,17.000000
2034,blue,sock,17.000000
2035,bedroom,pool,17.000000
2036,graveyard,house,17.000000
2037,foot,friend,17.000000
2038,cute,idea,17.000000
2039,bed,picture,17.000000
2040,glass,road,17.000000
2041,bed,kitchen,17.000000
2042,dusk,gull,17.000000
2043,bicycle,green,17.000000
2044,shade,whale,17.000000
2045,lab,spider,17.000000
2046,bar,stair,17.000000
2047,hang,time,17.000000
2048,reptile,swim,17.000000
2049,happy,night,17.000000
2050,dude,fun,17.000000
2051,branch,tea,17.000000
2052,club,play,17.000000
2053,garbage,lunch,17.000000
2054,interior,tower,17.000000
2055,breakfast,people,17.000000
2056,couple,race,17.000000
2057,bay,porch,17.000000
2058,country,library,17.000000
2059,black,cigarette,17.000000
2060,handle,tram,17.000000
2061,feel,stair,17.000000
2062,oak,petal,17.000000
2063,lake,town,17.000000
2064,play,sign,17.000000
2065,old,race,17.000000
2066,parade,store,17.000000
2067,jellyfish,texture,17.000000
2068,curl,leaf,17.000000
2069,hummingbird,moss,17.000000
2070,book,gold,17.000000
2071,desk,match,17.000000
2072,handle,lighting,17.000000
2073,frozen,soup,17.000000
2074,dude,sit,17.000000
2075,amphibian,stork,16.000000
2076,asphalt,crane,16.000000
2077,bright,grey,16.000000
2078,flight,jaguar,16.000000
2079,happy,toe,16.000000
2080,bathroom,stair,16.000000
2081,bay,curve,16.000000
2082,foot,train,16.000000
2083,snow,sunny,16.000000
2084,blue,happy,16.000000
2085,sunshine,wet,16.000000
2086,clown,jellyfish,16.000000
2087,family,town,16.000000
2088,pattern,time,16.000000
2089,cherry,peel,16.000000
2090,bakery,vehicle,16.000000
2091,cross,post,16.000000
2092,garbage,underground,16.000000
2093,bible,leaf,16.000000
2094,nature,new,16.000000
2095,cute,dude,16.000000
2096,curve,dance,16.000000
2097,autumn,hat,16.000000
2098,fabric,handle,16.000000
2099,arm,white,16.000000
2100,feel,fun,16.000000
2101,bridge,ceramic,16.000000
2102,ruin,valley,16.000000
2103,castle,patio,16.000000
2104,button,grey,16.000000
2105,club,sign,16.000000
2106,feather,insect,16.000000
2107,hotel,oak,16.000000
2108,alley,punk,16.000000
2109,design,muscle,16.000000
2110,circle,snake,16.000000
2111,auto,quote,16.000000
2112,post,white,16.000000
2113,animal,clown,16.000000
2114,dinner,sleep,16.000000
2115,office,woman,16.000000
2116,line,underground,16.000000
2117,metro,television,16.000000
2118,waterfall,wood,16.000000
2119,relax,restaurant,16.000000
2120,bed,stair,16.000000
2121,dude,husky,16.000000
2122,demolition,skyline,16.000000
2123,ceiling,patio,16.000000
2124,flight,museum,16.000000
2125,paper,tattoo,16.000000
2126,action,subway,16.000000
2127,grave,shore,16.000000
2128,sunshine,winter,16.000000
2129,ford,wall,16.000000
2130,band,stocking,16.000000
2131,dirty,tear,16.000000
2132,leg,stripe,16.000000
2133,family,square,16.000000
2134,eye,sky,16.000000
2135,dinner,morning,16.000000
2136,apartment,beach,16.000000
2137,bus,crane,16.000000
2138,aquarium,coin,16.000000
2139,path,sunflower,16.000000
2140,red,uniform,16.000000
2141,band,ear,16.000000
2142,kitchen,staircase,16.000000
2143,glitter,vintage,16.000000
2144,gold,texture,16.000000
2145,air,carnival,16.000000
2146,guy,stand,16.000000
2147,bacon,sweet,16.000000
2148,abstract,feel,16.000000
2149,band,bride,16.000000
2150,mom,sit,15.000000
2151,foliage,purple,15.000000
2152,husky,painting,15.000000
2153,evening,surfer,15.000000
2154,postcard,texture,15.000000
2155,breakfast,night,15.000000
2156,makeup,skull,15.000000
2157,guy,tear,15.000000
2158,hamster,lock,15.000000
2159,chess,family,15.000000
2160,fun,haircut,15.000000
2161,bud,shade,15.000000
2162,ad,track,15.000000
2163,dead,pigeon,15.000000
2164,chipmunk,illustration,15.000000
2165,cold,silver,15.000000
2166,insect,number,15.000000
2167,bar,boat,15.000000
2168,restaurant,scenery,15.000000
2169,hair,stencil,15.000000
2170,guy,idea,15.000000
2171,gravestone,silhouette,15.000000
2172,bright,mist,15.000000
2173,coin,musician,15.000000
2174,arm,bicycle,15.000000
2175,hang,morning,15.000000
2176,demolition,tall,15.000000
2177,bedroom,diner,15.000000
2178,candle,line,15.000000
2179,bar,ship,15.000000
2180,club,cone,15.000000
2181,art,christmas,15.000000
2182,travel,wood,15.000000
2183,foot,outdoor,15.000000
2184,hang,leave,15.000000
2185,rusty,shade,15.000000
2186,abstract,moon,15.000000
2187,auto,round,15.000000
2188,mist,temple,15.000000
2189,stripe,urban,15.000000
2190,smile,view,15.000000
2191,ripple,shadow,15.000000
2192,dirty,fun,15.000000
2193,haircut,hang,15.000000
2194,brick,skyline,15.000000
2195,bathroom,sleep,15.000000
2196,school,tear,15.000000
2197,cute,friend,15.000000
2198,action,dress,15.000000
2199,cow,station,15.000000
2200,play,sailing,15.000000
2201,fungus,pattern,15.000000
2202,button,police,15.000000
2203,ceramic,church,15.000000
2204,home,smoking,15.000000
2205,food,wild,15.000000
2206,colorful,wood,15.000000
2207,smile,time,15.000000
2208,amphibian,flamingo,15.000000
2209,apartment,child,15.000000
2210,graveyard,silver,15.000000
2211,outfit,sign,15.000000
2212,dude,kid,15.000000
2213,pole,weather,15.000000
2214,city,round,15.000000
2215,nail,wolf,15.000000
2216,night,sunshine,15.000000
2217,bath,sleep,15.000000
2218,hang,stencil,15.000000
2219,cherry,meat,14.000000
2220,blue,poster,14.000000
2221,fire,movie,14.000000
2222,draw,wing,14.000000
2223,husky,play,14.000000
2224,drip,rusty,14.000000
2225,arrow,boxer,14.000000
2226,basket,moss,14.000000
2227,pin,wing,14.000000
2228,apartment,valley,14.000000
2229,guy,poodle,14.000000
2230,seagull,urban,14.000000
2231,dessert,tomato,14.000000
2232,egg,family,14.000000
2233,aircraft,guy,14.000000
2234,dark,flamingo,14.000000
2235,cheerleader,scenery,14.000000
2236,pink,shade,14.000000
2237,couple,outdoor,14.000000
2238,garden,smoke,14.000000
2239,glass,mill,14.000000
2240,race,square,14.000000
2241,paper,vine,14.000000
2242,smile,stand,14.000000
2243,frost,summer,14.000000
2244,bay,parking,14.000000
2245,kiss,sit,14.000000
2246,monkey,oak,14.000000
2247,bead,redhead,14.000000
2248,animal,hand,14.000000
2249,cute,music,14.000000
2250,downtown,hockey,14.000000
2251,dead,guy,14.000000
2252,aircraft,asphalt,14.000000
2253,magazine,run,14.000000
2254,flight,rain,14.000000
2255,bathroom,garden,14.000000
2256,door,skyscraper,14.000000
2257,makeup,old,14.000000
2258,game,sign,14.000000
2259,dead,face,14.000000
2260,friend,sexy,14.000000
2261,flower,interior,14.000000
2262,bag,wire,14.000000
2263,game,goat,14.000000
2264,note,rally,14.000000
2265,stair,steel,14.000000
2266,diamond,stencil,14.000000
2267,nature,tv,14.000000
2268,happy,post,14.000000
2269,abstract,rally,14.000000
2270,party,sailing,14.000000
2271,beard,kitty,14.000000
2272,eat,seagull,14.000000
2273,building,sandwich,14.000000
2274,belly,black,14.000000
2275,leave,walk,14.000000
2276,dark,stripe,14.000000
2277,ford,valley,14.000000
2278,insect,stork,14.000000
2279,animal,mural,14.000000
2280,leather,weed,14.000000
2281,pub,wash,14.000000
2282,leave,play,14.000000
2283,cop,gravestone,14.000000
2284,book,building,14.000000
2285,happy,walk,14.000000
2286,colorful,lab,14.000000
2287,flag,quote,14.000000
2288,sink,time,14.000000
2289,friend,sit,14.000000
2290,lantern,oak,14.000000
2291,sit,smile,14.000000
2292,cottage,outfit,14.000000
2293,downtown,lock,14.000000
2294,pet,poster,14.000000
2295,industrial,lake,14.000000
2296,lick,sit,14.000000
2297,pool,rust,14.000000
2298,stripe,train,14.000000
2299,beef,downtown,13.000000
2300,blonde,eye,13.000000
2301,lady,sunset,13.000000
2302,feel,stop,13.000000
2303,old,seat,13.000000
2304,dirty,happy,13.000000
2305,ruin,shore,13.000000
2306,black,paw,13.000000
2307,egg,lego,13.000000
2308,bear,play,13.000000
2309,black,pigeon,13.000000
2310,feather,reptile,13.000000
2311,gymnastics,port,13.000000
2312,mom,snowman,13.000000
2313,dirty,haircut,13.000000
2314,party,seat,13.000000
2315,lily,pig,13.000000
2316,dirty,hang,13.000000
2317,guy,wire,13.000000
2318,orange,shop,13.000000
2319,cactus,fall,13.000000
2320,circle,sport,13.000000
2321,redhead,reflection,13.000000
2322,cafe,reflection,13.000000
2323,outfit,play,13.000000
2324,bar,female,13.000000
2325,belly,dirty,13.000000
2326,rope,train,13.000000
2327,boardwalk,drop,13.000000
2328,abstract,candle,13.000000
2329,church,soldier,13.000000
2330,boxer,reflection,13.000000
2331,crystal,silhouette,13.000000
2332,feel,guy,13.000000
2333,pattern,pier,13.000000
2334,downtown,field,13.000000
2335,beer,wild,13.000000
2336,hang,happy,13.000000
2337,rope,shore,13.000000
2338,airplane,camera,13.000000
2339,button,flower,13.000000
2340,frozen,shop,13.000000
2341,curl,lick,13.000000
2342,sunny,zoo,13.000000
2343,people,stop,13.000000
2344,bucket,insect,13.000000
2345,fence,friend,13.000000
2346,can,sketch,13.000000
2347,frozen,pebble,13.000000
2348,ceramic,live,13.000000
2349,day,horse,13.000000
2350,bear,boxer,13.000000
2351,iris,necklace,13.000000
2352,lighting,person,13.000000
2353,boot,cliff,13.000000
2354,landscape,umbrella,13.000000
2355,man,transformer,13.000000
2356,dark,sand,13.000000
2357,ruin,swimsuit,13.000000
2358,abstract,rose,13.000000
2359,guy,gymnastics,12.000000
2360,grass,ruin,12.000000
2361,lighting,stone,12.000000
2362,porch,scooter,12.000000
2363,colour,wild,12.000000
2364,crane,stair,12.000000
2365,shore,tear,12.000000
2366,cactus,porch,12.000000
2367,belly,draw,12.000000
2368,fabric,photo,12.000000
2369,lamb,lantern,12.000000
2370,owl,rocket,12.000000
2371,party,scooter,12.000000
2372,display,scratch,12.000000
2373,ball,curl,12.000000
2374,cookie,peel,12.000000
2375,couple,post,12.000000
2376,field,red,12.000000
2377,theatre,wolf,12.000000
2378,blue,swing,12.000000
2379,guy,happy,12.000000
2380,quote,santa,12.000000
2381,dude,feel,12.000000
2382,bath,wine,12.000000
2383,brown,wet,12.000000
2384,kiss,stop,12.000000
2385,husky,match,12.000000
2386,cocktail,garage,12.000000
2387,face,stand,12.000000
2388,kid,stop,12.000000
2389,boxer,diner,12.000000
2390,patio,sleep,12.000000
2391,city,family,12.000000
2392,drop,rusty,12.000000
2393,parade,table,12.000000
2394,dawn,drug,12.000000
2395,design,orange,12.000000
2396,lunch,sunshine,12.000000
2397,dirty,dude,12.000000
2398,fun,tear,12.000000
2399,bikini,ivy,12.000000
2400,step,swimsuit,12.000000
2401,frog,poppy,12.000000
2402,cross,pub,12.000000
2403,frost,lily,12.000000
2404,curve,outdoor,12.000000
2405,collage,stream,12.000000
2406,twig,underground,12.000000
2407,chair,holiday,12.000000
2408,coffee,sun,12.000000
2409,lighting,sleep,12.000000
2410,mill,wild,12.000000
2411,circle,wig,12.000000
2412,highway,squirrel,12.000000
2413,pin,truck,12.000000
2414,boxer,swimming,12.000000
2415,shore,small,12.000000
2416,punk,vinyl,12.000000
2417,number,web,12.000000
2418,brown,demolition,12.000000
2419,interior,skyline,12.000000
2420,breakfast,floor,12.000000
2421,aerial,clown,12.000000
2422,hat,peel,12.000000
2423,baseball,rainbow,12.000000
2424,dude,happy,12.000000
2425,foot,mural,12.000000
2426,creature,grey,12.000000
2427,cross,outfit,12.000000
2428,leave,smile,11.000000
2429,fishing,rainbow,11.000000
2430,bathroom,dude,11.000000
2431,paint,puddle,11.000000
2432,skating,sticker,11.000000
2433,dome,uniform,11.000000
2434,lawn,sleep,11.000000
2435,office,sun,11.000000
2436,military,reflection,11.000000
2437,fashion,handwriting,11.000000
2438,cop,ruin,11.000000
2439,blur,metro,11.000000
2440,smile,stop,11.000000
2441,cute,lick,11.000000
2442,cross,mug,11.000000
2443,concrete,pin,11.000000
2444,cigarette,hotel,11.000000
2445,airplane,market,11.000000
2446,architecture,yellow,11.000000
2447,handle,terrier,11.000000
2448,patio,woman,11.000000
2449,green,gull,11.000000
2450,dew,parrot,11.000000
2451,country,hang,11.000000
2452,dude,hang,11.000000
2453,stripe,tank,11.000000
2454,hang,tear,11.000000
2455,crochet,family,11.000000
2456,cute,post,11.000000
2457,machine,sketch,11.000000
2458,feel,haircut,11.000000
2459,match,moss,11.000000
2460,art,sailing,11.000000
2461,foliage,restaurant,11.000000
2462,tea,village,11.000000
2463,branch,feline,11.000000
2464,day,plane,11.000000
2465,gold,idea,11.000000
2466,moon,mushroom,11.000000
2467,interior,tall,11.000000
2468,mallard,portrait,11.000000
2469,live,stitch,11.000000
2470,fun,morning,11.000000
2471,drip,rust,11.000000
2472,fun,stop,11.000000
2473,gull,mill,11.000000
2474,dirty,friend,11.000000
2475,blue,hand,11.000000
2476,bucket,curve,11.000000
2477,patio,swan,11.000000
2478,body,miniature,11.000000
2479,cafe,child,11.000000
2480,belly,stripe,11.000000
2481,mural,taxi,11.000000
2482,furniture,man,11.000000
2483,bead,library,11.000000
2484,daffodil,wool,11.000000
2485,eat,shade,11.000000
2486,collection,jellyfish,11.000000
2487,country,elephant,11.000000
2488,line,temple,11.000000
2489,bead,chess,11.000000
2490,skirt,wig,11.000000
2491,daisy,flood,11.000000
2492,camera,rally,11.000000
2493,happy,sit,11.000000
2494,bottle,construction,11.000000
2495,auto,bright,11.000000
2496,computer,railway,11.000000
2497,night,sit,11.000000
2498,hair,lizard,11.000000
2499,happy,lick,11.000000
2500,jump,sunlight,11.000000
2501,desert,smoke,11.000000
2502,chopper,window,11.000000
2503,leave,rusty,11.000000
2504,hang,stop,11.000000
2505,animal,sandwich,11.000000
2506,cute,dirty,11.000000
2507,cafe,draw,11.000000
2508,boxer,pyramid,11.000000
2509,arm,television,10.000000
2510,feel,hang,10.000000
2511,asphalt,moon,10.000000
2512,dusk,skirt,10.000000
2513,car,skull,10.000000
2514,leave,sit,10.000000
2515,outfit,rock,10.000000
2516,mom,stop,10.000000
2517,drip,round,10.000000
2518,friend,stop,10.000000
2519,asphalt,water,10.000000
2520,sit,tear,10.000000
2521,cafe,spiral,10.000000
2522,ad,bacon,10.000000
2523,green,phone,10.000000
2524,duck,outfit,10.000000
2525,coast,zebra,10.000000
2526,breakfast,makeup,10.000000
2527,purple,stripe,10.000000
2528,clothes,skyline,10.000000
2529,step,wind,10.000000
2530,portrait,rocket,10.000000
2531,break,glitter,10.000000
2532,construction,sailing,10.000000
2533,boy,gate,10.000000
2534,lens,storm,10.000000
2535,orange,school,10.000000
2536,shirt,show,10.000000
2537,gasoline,pepper,10.000000
2538,drug,sing,10.000000
2539,sticker,track,10.000000
2540,furniture,nature,10.000000
2541,play,rail,10.000000
2542,rusty,stand,10.000000
2543,military,wasp,10.000000
2544,port,squirrel,10.000000
2545,grape,rainbow,10.000000
2546,flood,neon,10.000000
2547,morning,tear,10.000000
2548,memorial,rope,10.000000
2549,bright,rusty,10.000000
2550,home,wet,10.000000
2551,feather,sunflower,10.000000
2552,house,stop,10.000000
2553,plant,skate,10.000000
2554,cocktail,dandelion,10.000000
2555,airport,foot,10.000000
2556,display,pond,10.000000
2557,alley,bloom,10.000000
2558,escalator,redhead,10.000000
2559,caterpillar,paint,10.000000
2560,bacon,wild,10.000000
2561,stand,tear,10.000000
2562,collar,tiger,10.000000
2563,car,hawk,10.000000
2564,burn,reading,10.000000
2565,cigarette,live,10.000000
2566,footprint,scooter,10.000000
2567,barn,mug,10.000000
2568,bacon,guy,10.000000
2569,keyboard,soldier,10.000000
2570,cute,sit,10.000000
2571,track,yellow,10.000000
2572,bag,dude,10.000000
2573,lady,stop,10.000000
2574,arrow,mural,10.000000
2575,jacket,stream,10.000000
2576,lab,rusty,10.000000
2577,jaguar,storm,10.000000
2578,dirty,smile,10.000000
2579,friend,rusty,10.000000
2580,morning,stop,10.000000
2581,cemetery,male,10.000000
2582,jump,stitch,10.000000
2583,friend,leave,10.000000
2584,family,hawk,10.000000
2585,monster,rock,10.000000
2586,feel,time,10.000000
2587,face,hang,10.000000
2588,pizza,railway,10.000000
2589,cross,shopping,10.000000
2590,guy,hang,10.000000
2591,craft,van,10.000000
2592,art,beer,9.000000
2593,beard,flamingo,9.000000
2594,monster,shell,9.000000
2595,bench,mask,9.000000
2596,club,river,9.000000
2597,boxer,child,9.000000
2598,fungus,leather,9.000000
2599,lick,stop,9.000000
2600,creature,reading,9.000000
2601,ivy,urban,9.000000
2602,bed,candy,9.000000
2603,feel,spiral,9.000000
2604,hockey,sign,9.000000
2605,daughter,pub,9.000000
2606,idea,rusty,9.000000
2607,lighting,man,9.000000
2608,dude,post,9.000000
2609,mill,puddle,9.000000
2610,santa,table,9.000000
2611,action,whisker,9.000000
2612,eat,web,9.000000
2613,hot,winter,9.000000
2614,dog,silver,9.000000
2615,lip,run,9.000000
2616,porch,pug,9.000000
2617,bird,pregnancy,9.000000
2618,camera,crow,9.000000
2619,eat,truck,9.000000
2620,lick,marble,9.000000
2621,rabbit,stop,9.000000
2622,paper,railway,9.000000
2623,poster,tank,9.000000
2624,clothes,transformer,9.000000
2625,smoking,sunny,9.000000
2626,cactus,leg,9.000000
2627,hold,theatre,9.000000
2628,arm,outdoor,9.000000
2629,lighting,panda,9.000000
2630,punk,toe,9.000000
2631,branch,protest,9.000000
2632,daughter,graphic,9.000000
2633,air,fruit,9.000000
2634,book,copper,9.000000
2635,night,sticker,9.000000
2636,explosion,table,9.000000
2637,snake,strawberry,9.000000
2638,dragon,drop,9.000000
2639,dog,sailing,9.000000
2640,burn,ripple,9.000000
2641,clock,pink,9.000000
2642,kitten,lingerie,9.000000
2643,abandon,frost,9.000000
2644,chicken,star,9.000000
2645,seed,stair,9.000000
2646,leave,night,9.000000
2647,small,valley,9.000000
2648,green,number,9.000000
2649,leave,morning,9.000000
2650,lock,mannequin,9.000000
2651,shade,whisker,9.000000
2652,collar,garbage,9.000000
2653,ink,organ,9.000000
2654,poppy,store,9.000000
2655,smoking,vine,9.000000
2656,flame,word,9.000000
2657,daffodil,frost,9.000000
2658,dancer,rusty,9.000000
2659,canal,coffee,9.000000
2660,camera,mallard,9.000000
2661,noodle,pigeon,9.000000
2662,couple,square,9.000000
2663,rainbow,whale,9.000000
2664,fly,keyboard,9.000000
2665,soup,view,9.000000
2666,goat,pebble,9.000000
2667,abandon,button,9.000000
2668,belly,dark,9.000000
2669,diamond,parade,9.000000
2670,horse,sweet,9.000000
2671,ancient,pod,9.000000
2672,banana,foot,9.000000
2673,shed,traffic,9.000000
2674,bucket,morning,9.000000
2675,bucket,duck,8.000000
2676,dessert,eye,8.000000
2677,cold,flag,8.000000
2678,skin,television,8.000000
2679,bedroom,feline,8.000000
2680,palm,traffic,8.000000
2681,necklace,snow,8.000000
2682,lick,origami,8.000000
2683,protest,tile,8.000000
2684,beetle,chocolate,8.000000
2685,monkey,pumpkin,8.000000
2686,cop,music,8.000000
2687,beard,sport,8.000000
2688,gasoline,summer,8.000000
2689,footprint,holiday,8.000000
2690,abandon,crane,8.000000
2691,car,pig,8.000000
2692,grave,santa,8.000000
2693,iron,splash,8.000000
2694,dirt,gymnastics,8.000000
2695,orange,wet,8.000000
2696,ceramic,ocean,8.000000
2697,vintage,zebra,8.000000
2698,hair,shore,8.000000
2699,lingerie,underground,8.000000
2700,marble,postcard,8.000000
2701,fish,leg,8.000000
2702,book,smoking,8.000000
2703,kiss,rusty,8.000000
2704,canal,number,8.000000
2705,kitchen,sleep,8.000000
2706,cherry,lamb,8.000000
2707,bag,cop,8.000000
2708,leaf,moon,8.000000
2709,dude,time,8.000000
2710,kitchen,outfit,8.000000
2711,garbage,jean,8.000000
2712,bedroom,downtown,8.000000
2713,grass,ski,8.000000
2714,day,hold,8.000000
2715,mug,vehicle,8.000000
2716,lighting,small,8.000000
2717,sea,sing,8.000000
2718,computer,farm,8.000000
2719,feline,pumpkin,8.000000
2720,jean,map,8.000000
2721,dirty,eagle,8.000000
2722,book,ceramic,8.000000
2723,van,vine,8.000000
2724,desert,roof,8.000000
2725,seagull,tag,8.000000
2726,jewelry,muscle,8.000000
2727,milk,outdoor,8.000000
2728,guy,rusty,8.000000
2729,chocolate,jellyfish,8.000000
2730,boxer,stair,8.000000
2731,jaguar,pier,7.000000
2732,nut,waterfall,7.000000
2733,bread,chair,7.000000
2734,goat,vinyl,7.000000
2735,kitten,rain,7.000000
2736,hang,smile,7.000000
2737,bikini,sculpture,7.000000
2738,bible,dirt,7.000000
2739,portrait,underground,7.000000
2740,clock,stripe,7.000000
2741,bud,floor,7.000000
2742,air,knit,7.000000
2743,idea,stop,7.000000
2744,haircut,stop,7.000000
2745,storm,sweet,7.000000
2746,auto,santa,7.000000
2747,marble,sing,7.000000
2748,drive,ear,7.000000
2749,bear,subway,7.000000
2750,pumpkin,road,7.000000
2751,makeup,race,7.000000
2752,wash,web,7.000000
2753,haircut,pyramid,7.000000
2754,blonde,rock,7.000000
2755,belly,field,7.000000
2756,mammal,yellow,7.000000
2757,paint,sing,7.000000
2758,cat,locomotive,7.000000
2759,dead,sidewalk,7.000000
2760,angel,pod,7.000000
2761,eat,underwater,7.000000
2762,makeup,square,7.000000
2763,cigarette,tile,7.000000
2764,museum,scratch,7.000000
2765,butterfly,stadium,7.000000
2766,graveyard,porch,7.000000
2767,flame,peacock,7.000000
2768,chopper,poppy,7.000000
2769,rusty,tear,7.000000
2770,bloom,friend,7.000000
2771,gun,jaguar,7.000000
2772,guy,stop,7.000000
2773,cloud,kitten,7.000000
2774,pillow,stone,7.000000
2775,stocking,tomato,7.000000
2776,frost,protest,7.000000
2777,sign,stocking,7.000000
2778,angel,asphalt,7.000000
2779,ski,skirt,7.000000
2780,cat,purple,7.000000
2781,diner,muscle,7.000000
2782,marble,sunglasses,7.000000
2783,berry,fly,7.000000
2784,chocolate,rock,7.000000
2785,airplane,guitar,7.000000
2786,bread,ocean,7.000000
2787,bay,chipmunk,7.000000
2788,tall,wool,7.000000
2789,restaurant,violet,7.000000
2790,drop,fun,7.000000
2791,purple,twig,7.000000
2792,cemetery,cone,7.000000
2793,face,stop,7.000000
2794,dude,stop,7.000000
2795,bicycle,handwriting,7.000000
2796,chapel,dusk,7.000000
2797,cute,twig,7.000000
2798,dragon,oak,7.000000
2799,drug,reflection,7.000000
2800,apple,relax,7.000000
2801,bakery,panorama,7.000000
2802,mallard,poster,7.000000
2803,snake,taxi,7.000000
2804,dessert,head,7.000000
2805,bear,hockey,7.000000
2806,puddle,red,7.000000
2807,brick,dress,7.000000
2808,building,zombie,7.000000
2809,neon,tank,7.000000
2810,bible,cottage,7.000000
2811,bath,panorama,7.000000
2812,automobile,fabric,7.000000
2813,gun,picture,7.000000
2814,cow,table,6.000000
2815,bear,construction,6.000000
2816,dye,kiss,6.000000
2817,baseball,bear,6.000000
2818,crab,grave,6.000000
2819,craft,soup,6.000000
2820,lock,misty,6.000000
2821,horse,interior,6.000000
2822,grass,stop,6.000000
2823,jellyfish,punk,6.000000
2824,parade,salad,6.000000
2825,reptile,vacation,6.000000
2826,clown,flood,6.000000
2827,aerial,violet,6.000000
2828,crab,ink,6.000000
2829,canyon,pizza,6.000000
2830,butterfly,leave,6.000000
2831,hamster,party,6.000000
2832,museum,swim,6.000000
2833,lego,rodent,6.000000
2834,branch,lego,6.000000
2835,game,husky,6.000000
2836,camel,highway,6.000000
2837,baseball,cheetah,6.000000
2838,stripe,weather,6.000000
2839,journal,squirrel,6.000000
2840,cake,rusty,6.000000
2841,bacon,view,6.000000
2842,dandelion,stand,6.000000
2843,cheetah,flame,6.000000
2844,abstract,vehicle,6.000000
2845,party,sink,6.000000
2846,floor,transformer,6.000000
2847,amphibian,berry,6.000000
2848,marble,monkey,6.000000
2849,jump,salad,6.000000
2850,subway,valentine,6.000000
2851,baseball,cactus,6.000000
2852,ancient,poster,6.000000
2853,grass,skull,6.000000
2854,cattle,web,6.000000
2855,drive,lego,6.000000
2856,fly,sexy,6.000000
2857,ink,tropical,6.000000
2858,pyramid,swimsuit,6.000000
2859,chess,sleep,6.000000
2860,bag,wild,6.000000
2861,chapel,whisker,6.000000
2862,chair,word,6.000000
2863,angel,construction,6.000000
2864,exhibition,soup,6.000000
2865,kitten,travel,6.000000
2866,swim,vehicle,6.000000
2867,costume,ocean,6.000000
2868,pigeon,reading,6.000000
2869,origami,stadium,6.000000
2870,animal,candy,6.000000
2871,happy,stop,5.000000
2872,insect,mom,5.000000
2873,canyon,piano,5.000000
2874,leather,swan,5.000000
2875,goose,outfit,5.000000
2876,sunglasses,weed,5.000000
2877,play,wine,5.000000
2878,monkey,restaurant,5.000000
2879,goose,locomotive,5.000000
2880,garage,mammal,5.000000
2881,drug,wolf,5.000000
2882,graveyard,pug,5.000000
2883,chair,ipod,5.000000
2884,rice,ticket,5.000000
2885,mammal,rope,5.000000
2886,hill,rust,5.000000
2887,paw,protest,5.000000
2888,petal,pug,5.000000
2889,interior,mushroom,5.000000
2890,chocolate,squirrel,5.000000
2891,mammal,write,5.000000
2892,reading,seagull,5.000000
2893,parking,photographer,5.000000
2894,tea,whisker,5.000000
2895,cactus,gasoline,5.000000
2896,kitchen,wedding,5.000000
2897,chocolate,wig,5.000000
2898,hang,mom,5.000000
2899,dragonfly,piano,5.000000
2900,leather,sunshine,5.000000
2901,handwriting,pig,5.000000
2902,brick,rabbit,5.000000
2903,burger,mountain,5.000000
2904,girl,morning,5.000000
2905,canal,silhouette,5.000000
2906,advertisement,pond,5.000000
2907,paw,theatre,5.000000
2908,raspberry,write,5.000000
2909,family,red,5.000000
2910,concrete,swan,5.000000
2911,bedroom,canyon,5.000000
2912,breakfast,staircase,5.000000
2913,flame,sidewalk,5.000000
2914,carrot,city,5.000000
2915,ipod,rope,5.000000
2916,lick,rusty,5.000000
2917,meat,pond,5.000000
2918,female,machine,5.000000
2919,live,makeup,5.000000
2920,piano,wolf,5.000000
2921,girl,wind,5.000000
2922,frog,subway,5.000000
2923,map,weed,5.000000
2924,bike,flame,5.000000
2925,dew,engine,5.000000
2926,cake,library,5.000000
2927,carnival,wool,5.000000
2928,bottle,library,5.000000
2929,eat,hair,5.000000
2930,dragon,furniture,5.000000
2931,skull,storm,5.000000
2932,rodent,smile,5.000000
2933,punk,skyscraper,5.000000
2934,gun,pizza,4.000000
2935,female,square,4.000000
2936,pub,snowman,4.000000
2937,meat,moon,4.000000
2938,potato,skating,4.000000
2939,dragonfly,wine,4.000000
2940,flight,whisker,4.000000
2941,boxer,lighthouse,4.000000
2942,fungus,wedding,4.000000
2943,lick,pier,4.000000
2944,mirror,raspberry,4.000000
2945,bike,hummingbird,4.000000
2946,key,misty,4.000000
2947,cafe,frog,4.000000
2948,soup,wool,4.000000
2949,carrot,memorial,4.000000
2950,lion,square,4.000000
2951,bucket,girl,4.000000
2952,feline,nut,4.000000
2953,gun,quote,4.000000
2954,furniture,pizza,4.000000
2955,goose,stencil,4.000000
2956,chicken,knit,4.000000
2957,abstract,frog,4.000000
2958,ceiling,mug,4.000000
2959,fish,rocket,4.000000
2960,flamingo,office,4.000000
2961,rabbit,sphere,4.000000
2962,ice,sheep,4.000000
2963,car,tongue,4.000000
2964,bracelet,mountain,4.000000
2965,cocktail,write,4.000000
2966,lego,weather,4.000000
2967,cigarette,skating,3.000000
2968,happy,rusty,3.000000
2969,tomato,whale,3.000000
2970,chess,cigarette,3.000000
2971,fish,theatre,3.000000
2972,donut,panda,3.000000
2973,hot,zombie,3.000000
2974,machine,pond,3.000000
2975,guitar,nude,3.000000
2976,giraffe,mist,3.000000
2977,bread,cliff,3.000000
2978,bible,misty,3.000000
2979,construction,violet,3.000000
2980,cheetah,soup,3.000000
2981,puppy,skyline,3.000000
2982,child,ford,3.000000
2983,cheetah,phone,3.000000
2984,explosion,stencil,3.000000
2985,carrot,design,2.000000
2986,jellyfish,rally,2.000000
2987,military,tomato,2.000000
2988,gun,stair,2.000000
2989,cafe,lizard,2.000000
2990,post,tulip,2.000000
2991,grave,hat,2.000000
2992,apple,cute,2.000000
2993,angel,gasoline,1.000000
2994,giraffe,harbor,1.000000
2995,feather,truck,1.000000
2996,festival,whisker,1.000000
2997,muscle,tulip,1.000000
2998,bikini,pizza,1.000000
2999,bakery,zebra,0.000000
